"id","lat","lon","date","temp_daily_atu","temp_daily_atu_1","temp_daily_atu_5","temp_daily_atu_10"
1,23.8,90.37,2020-03-07,21.7416666666667,44.3916666666667,139.379166666667,245.829166666667
1,23.8,90.37,2020-03-08,22.3791666666667,44.1208333333333,137.4625,248.1125
1,23.8,90.37,2020-03-09,22.3291666666667,44.7083333333333,135.883333333333,249.9
1,23.8,90.37,2020-03-10,22.0875,44.4166666666667,134.8625,250.820833333333
1,23.8,90.37,2020-03-11,24.0791666666667,46.1666666666667,135.266666666667,253.2375
1,23.8,90.37,2020-03-12,26.1791666666667,50.2583333333333,138.795833333333,256.433333333333
1,23.8,90.37,2020-03-13,27.0291666666667,53.2083333333333,144.083333333333,259.166666666667
1,23.8,90.37,2020-03-14,26.8833333333333,53.9125,148.5875,262.141666666667
1,23.8,90.37,2020-03-15,25.2875,52.1708333333333,151.545833333333,264.320833333333
1,23.8,90.37,2020-03-16,25.8041666666667,51.0916666666667,155.2625,266.45
1,23.8,90.37,2020-03-17,25.5541666666667,51.3583333333333,156.7375,269.354166666667
1,23.8,90.37,2020-03-18,25.6333333333333,51.1875,156.191666666667,273.245833333333
1,23.8,90.37,2020-03-19,25.2541666666667,50.8875,154.416666666667,276.120833333333
1,23.8,90.37,2020-03-20,25.4916666666667,50.7458333333333,153.025,279.283333333333
1,23.8,90.37,2020-03-21,25.9333333333333,51.425,153.670833333333,283.129166666667
1,23.8,90.37,2020-03-22,24.3583333333333,50.2916666666667,152.225,283.408333333333
1,23.8,90.37,2020-03-23,24.5,48.8583333333333,151.170833333333,281.729166666667
1,23.8,90.37,2020-03-24,25.4625,49.9625,151,280.1625
1,23.8,90.37,2020-03-25,27.2833333333333,52.7458333333333,153.029166666667,280.5625
1,23.8,90.37,2020-03-26,28.3458333333333,55.6291666666667,155.883333333333,283.620833333333
1,23.8,90.37,2020-03-27,29.0583333333333,57.4041666666667,159.008333333333,286.875
1,23.8,90.37,2020-03-28,29.3333333333333,58.3916666666667,163.983333333333,290.654166666667
1,23.8,90.37,2020-03-29,28.4791666666667,57.8125,167.9625,293.5
1,23.8,90.37,2020-03-30,27.6791666666667,56.1583333333333,170.179166666667,295.925
1,23.8,90.37,2020-03-31,27.2916666666667,54.9708333333333,170.1875,297.725
1,23.8,90.37,2020-04-01,27.9583333333333,55.25,169.8,299.75
1,23.8,90.37,2020-04-02,29.1125,57.0708333333333,169.854166666667,304.504166666667
1,23.8,90.37,2020-04-03,29.0791666666667,58.1916666666667,169.6,309.083333333333
1,23.8,90.37,2020-04-04,28.6833333333333,57.7625,169.804166666667,312.304166666667
1,23.8,90.37,2020-04-05,28.375,57.0583333333333,170.5,313.395833333333
1,23.8,90.37,2020-04-06,29.175,57.55,172.383333333333,314.225
1,23.8,90.37,2020-04-07,30.2625,59.4375,174.6875,315.429166666667
1,23.8,90.37,2020-04-08,29.0666666666667,59.3291666666667,174.641666666667,315.1625
1,23.8,90.37,2020-04-09,28.8166666666667,57.8833333333333,174.379166666667,315.5
1,23.8,90.37,2020-04-10,29.2333333333333,58.05,174.929166666667,317.054166666667
1,23.8,90.37,2020-04-11,29.1,58.3333333333333,175.654166666667,318.8625
1,23.8,90.37,2020-04-12,27.2583333333333,56.3583333333333,173.7375,318.1625
1,23.8,90.37,2020-04-13,28.7125,55.9708333333333,172.1875,317.7625
1,23.8,90.37,2020-04-14,29.4958333333333,58.2083333333333,172.616666666667,318.179166666667
1,23.8,90.37,2020-04-15,28.1375,57.6333333333333,171.9375,317.633333333333
1,23.8,90.37,2020-04-16,28.1791666666667,56.3166666666667,170.883333333333,317.4375
1,23.8,90.37,2020-04-17,27.0666666666667,55.2458333333333,168.85,315.329166666667
1,23.8,90.37,2020-04-18,26.8291666666667,53.8958333333333,168.420833333333,311.895833333333
1,23.8,90.37,2020-04-19,28.3416666666667,55.1708333333333,168.05,311.170833333333
1,23.8,90.37,2020-04-20,27.8583333333333,56.2,166.4125,310.2125
1,23.8,90.37,2020-04-21,25.7416666666667,53.6,164.016666666667,306.720833333333
1,23.8,90.37,2020-04-22,24.8875,50.6291666666667,160.725,302.508333333333
1,23.8,90.37,2020-04-23,24.7333333333333,49.6208333333333,158.391666666667,299.983333333333
1,23.8,90.37,2020-04-24,24.6416666666667,49.375,156.204166666667,295.9125
1,23.8,90.37,2020-04-25,24.5083333333333,49.15,152.370833333333,290.925
1,23.8,90.37,2020-04-26,24.7541666666667,49.2625,149.266666666667,287.541666666667
1,23.8,90.37,2020-04-27,25.5333333333333,50.2875,149.058333333333,284.895833333333
1,23.8,90.37,2020-04-28,24.6291666666667,50.1625,148.8,282.458333333333
1,23.8,90.37,2020-04-29,24.75,49.3791666666667,148.816666666667,280.379166666667
1,23.8,90.37,2020-04-30,25.5125,50.2625,149.6875,277.55
1,23.8,90.37,2020-05-01,25.7375,51.25,150.916666666667,275.429166666667
1,23.8,90.37,2020-05-02,25.6208333333333,51.3583333333333,151.783333333333,275.308333333333
1,23.8,90.37,2020-05-03,25.725,51.3458333333333,151.975,276.145833333333
1,23.8,90.37,2020-05-04,27.1083333333333,52.8333333333333,154.454166666667,278.520833333333
1,23.8,90.37,2020-05-05,28.1625,55.2708333333333,157.866666666667,282.041666666667
1,23.8,90.37,2020-05-06,26.9625,55.125,159.316666666667,284.495833333333
1,23.8,90.37,2020-05-07,27.4291666666667,54.3916666666667,161.008333333333,287.170833333333
1,23.8,90.37,2020-05-08,27.2708333333333,54.7,162.658333333333,288.908333333333
1,23.8,90.37,2020-05-09,28.1666666666667,55.4375,165.1,292.445833333333
1,23.8,90.37,2020-05-10,28.6291666666667,56.7958333333333,166.620833333333,296.325
1,23.8,90.37,2020-05-11,29.4333333333333,58.0625,167.891666666667,300.245833333333
1,23.8,90.37,2020-05-12,29.725,59.1583333333333,170.654166666667,304.233333333333
1,23.8,90.37,2020-05-13,28.3708333333333,58.0958333333333,171.595833333333,306.983333333333
1,23.8,90.37,2020-05-14,28.5541666666667,56.925,172.879166666667,309.8125
1,23.8,90.37,2020-05-15,27.7416666666667,56.2958333333333,172.454166666667,310.445833333333
1,23.8,90.37,2020-05-16,29.6041666666667,57.3458333333333,173.429166666667,311.8875
1,23.8,90.37,2020-05-17,29.7333333333333,59.3375,173.729166666667,314.658333333333
1,23.8,90.37,2020-05-18,29.5583333333333,59.2916666666667,173.5625,316.7875
1,23.8,90.37,2020-05-19,28.0416666666667,57.6,173.233333333333,317.558333333333
1,23.8,90.37,2020-05-20,26.9083333333333,54.95,171.5875,316.3
1,23.8,90.37,2020-05-21,27.1583333333333,54.0666666666667,171.004166666667,314.829166666667
1,23.8,90.37,2020-05-22,27.5291666666667,54.6875,168.929166666667,312.925
1,23.8,90.37,2020-05-23,29.3416666666667,56.8708333333333,168.5375,312.541666666667
1,23.8,90.37,2020-05-24,28.975,58.3166666666667,167.954166666667,313.145833333333
1,23.8,90.37,2020-05-25,29.3166666666667,58.2916666666667,169.229166666667,313.908333333333
1,23.8,90.37,2020-05-26,29.1416666666667,58.4583333333333,171.4625,315.308333333333
1,23.8,90.37,2020-05-27,27.7291666666667,56.8708333333333,172.033333333333,313.433333333333
1,23.8,90.37,2020-05-28,26.5083333333333,54.2375,171.0125,310.208333333333
1,23.8,90.37,2020-05-29,26.0083333333333,52.5166666666667,167.679166666667,306.658333333333
1,23.8,90.37,2020-05-30,26.7,52.7083333333333,165.404166666667,305.316666666667
1,23.8,90.37,2020-05-31,27.9375,54.6375,164.025,306.345833333333
1,23.8,90.37,2020-06-01,28.4583333333333,56.3958333333333,163.341666666667,307.645833333333
1,23.8,90.37,2020-06-02,28.5666666666667,57.025,164.179166666667,308.683333333333
1,23.8,90.37,2020-06-03,27.8416666666667,56.4083333333333,165.5125,307.183333333333
1,23.8,90.37,2020-06-04,27.8833333333333,55.725,167.3875,306.091666666667
1,23.8,90.37,2020-06-05,28.5708333333333,56.4541666666667,169.258333333333,305.345833333333
1,23.8,90.37,2020-06-06,28.375,56.9458333333333,169.695833333333,304.579166666667
1,23.8,90.37,2020-06-07,28.6625,57.0375,169.9,305.5125
1,23.8,90.37,2020-06-08,28.6333333333333,57.2958333333333,169.966666666667,307.6375
1,23.8,90.37,2020-06-09,29.8625,58.4958333333333,171.9875,311.491666666667
1,23.8,90.37,2020-06-10,28.575,58.4375,172.679166666667,313.366666666667
1,23.8,90.37,2020-06-11,27.8125,56.3875,171.920833333333,313.241666666667
1,23.8,90.37,2020-06-12,27.3791666666667,55.1916666666667,170.925,312.1625
1,23.8,90.37,2020-06-13,27.425,54.8041666666667,169.6875,311.020833333333
1,23.8,90.37,2020-06-14,28.3041666666667,55.7291666666667,169.358333333333,311.483333333333
1,23.8,90.37,2020-06-15,28.0791666666667,56.3833333333333,167.575,311.679166666667
1,23.8,90.37,2020-06-16,27.9208333333333,56,166.920833333333,311.029166666667
1,23.8,90.37,2020-06-17,26.3375,54.2583333333333,165.445833333333,308.991666666667
1,23.8,90.37,2020-06-18,27.1875,53.525,165.254166666667,307.516666666667
1,23.8,90.37,2020-06-19,27.0666666666667,54.2541666666667,164.895833333333,305.95
1,23.8,90.37,2020-06-20,28.3,55.3666666666667,164.891666666667,304.3875
1,23.8,90.37,2020-06-21,27.7083333333333,56.0083333333333,164.520833333333,303.520833333333
1,23.8,90.37,2020-06-22,28.2833333333333,55.9916666666667,164.883333333333,303.991666666667
1,23.8,90.37,2020-06-23,28.525,56.8083333333333,167.070833333333,305.1375
1,23.8,90.37,2020-06-24,29.3041666666667,57.8291666666667,169.1875,307.016666666667
1,23.8,90.37,2020-06-25,29.6125,58.9166666666667,171.733333333333,308.325
1,23.8,90.37,2020-06-26,29.1,58.7125,172.533333333333,309.345833333333
1,23.8,90.37,2020-06-27,27.9583333333333,57.0583333333333,172.783333333333,309.383333333333
1,23.8,90.37,2020-06-28,27.0291666666667,54.9875,171.529166666667,310.075
1,23.8,90.37,2020-06-29,27.6125,54.6416666666667,170.616666666667,310.5
1,23.8,90.37,2020-06-30,28.3041666666667,55.9166666666667,169.616666666667,311.7375
1,23.8,90.37,2020-07-01,29,57.3041666666667,169.004166666667,312.4375
1,23.8,90.37,2020-07-02,29.3458333333333,58.3458333333333,169.25,314.075
1,23.8,90.37,2020-07-03,29.5833333333333,58.9291666666667,170.875,315.375
1,23.8,90.37,2020-07-04,28.5291666666667,58.1125,172.375,315.379166666667
1,23.8,90.37,2020-07-05,27.5083333333333,56.0375,172.270833333333,313.583333333333
1,23.8,90.37,2020-07-06,27.9375,55.4458333333333,171.904166666667,311.908333333333
1,23.8,90.37,2020-07-07,28.3708333333333,56.3083333333333,171.275,311.179166666667
1,23.8,90.37,2020-07-08,28.4666666666667,56.8375,170.395833333333,311.6875
1,23.8,90.37,2020-07-09,28.2666666666667,56.7333333333333,169.079166666667,312.925
1,23.8,90.37,2020-07-10,28.5708333333333,56.8375,169.120833333333,313.883333333333
1,23.8,90.37,2020-07-11,27.7875,56.3583333333333,169.4,313.366666666667
1,23.8,90.37,2020-07-12,27.1125,54.9,168.575,311.479166666667
1,23.8,90.37,2020-07-13,27.6541666666667,54.7666666666667,167.858333333333,309.7875
1,23.8,90.37,2020-07-14,27.975,55.6291666666667,167.366666666667,308.179166666667
1,23.8,90.37,2020-07-15,28.3583333333333,56.3333333333333,167.458333333333,308.008333333333
1,23.8,90.37,2020-07-16,28.7416666666667,57.1,167.629166666667,309.241666666667
1,23.8,90.37,2020-07-17,28.7208333333333,57.4625,168.5625,310.025
1,23.8,90.37,2020-07-18,28.7791666666667,57.5,170.229166666667,310.433333333333
1,23.8,90.37,2020-07-19,28.9375,57.7166666666667,171.5125,310.904166666667
1,23.8,90.37,2020-07-20,27.6208333333333,56.5583333333333,171.158333333333,310.258333333333
1,23.8,90.37,2020-07-21,27.3541666666667,54.975,170.154166666667,309.041666666667
1,23.8,90.37,2020-07-22,26.6458333333333,54,168.058333333333,307.9
1,23.8,90.37,2020-07-23,27.6125,54.2583333333333,166.95,308.4
1,23.8,90.37,2020-07-24,27.4375,55.05,165.608333333333,308.183333333333
1,23.8,90.37,2020-07-25,28.6458333333333,56.0833333333333,165.316666666667,308.854166666667
1,23.8,90.37,2020-07-26,29.7666666666667,58.4125,167.4625,310.2625
1,23.8,90.37,2020-07-27,29.1041666666667,58.8708333333333,169.2125,310.625
1,23.8,90.37,2020-07-28,28.4333333333333,57.5375,171,310.3375
1,23.8,90.37,2020-07-29,27.9125,56.3458333333333,171.3,309.470833333333
1,23.8,90.37,2020-07-30,28.6333333333333,56.5458333333333,172.495833333333,309.166666666667
1,23.8,90.37,2020-07-31,29.3625,57.9958333333333,173.2125,310.908333333333
1,23.8,90.37,2020-08-01,29.5416666666667,58.9041666666667,172.9875,313.095833333333
1,23.8,90.37,2020-08-02,29.9625,59.5041666666667,173.845833333333,316.4125
1,23.8,90.37,2020-08-03,30.825,60.7875,176.2375,319.625
1,23.8,90.37,2020-08-04,29.7208333333333,60.5458333333333,178.045833333333,321.908333333333
1,23.8,90.37,2020-08-05,28.5625,58.2833333333333,177.975,321.825
1,23.8,90.37,2020-08-06,28.3916666666667,56.9541666666667,177.004166666667,320.45
1,23.8,90.37,2020-08-07,28.7791666666667,57.1708333333333,176.241666666667,320.125
1,23.8,90.37,2020-08-08,29.075,57.8541666666667,175.354166666667,320.766666666667
1,23.8,90.37,2020-08-09,29.0166666666667,58.0916666666667,173.545833333333,321.870833333333
1,23.8,90.37,2020-08-10,29.2416666666667,58.2583333333333,173.066666666667,322.479166666667
1,23.8,90.37,2020-08-11,28.6541666666667,57.8958333333333,173.158333333333,321.770833333333
1,23.8,90.37,2020-08-12,28.975,57.6291666666667,173.741666666667,321.204166666667
1,23.8,90.37,2020-08-13,29.4,58.375,174.3625,320.641666666667
1,23.8,90.37,2020-08-14,29.5125,58.9125,174.8,319.329166666667
1,23.8,90.37,2020-08-15,28,57.5125,173.783333333333,317.608333333333
1,23.8,90.37,2020-08-16,27.725,55.725,172.266666666667,316.770833333333
1,23.8,90.37,2020-08-17,27.5208333333333,55.2458333333333,171.133333333333,315.9
1,23.8,90.37,2020-08-18,27.8166666666667,55.3375,169.975,314.9375
1,23.8,90.37,2020-08-19,26.8541666666667,54.6708333333333,167.429166666667,312.716666666667
1,23.8,90.37,2020-08-20,26,52.8541666666667,163.916666666667,309.7
1,23.8,90.37,2020-08-21,26.2333333333333,52.2333333333333,162.15,306.691666666667
1,23.8,90.37,2020-08-22,26.4666666666667,52.7,160.891666666667,304.504166666667
1,23.8,90.37,2020-08-23,27.5541666666667,54.0208333333333,160.925,303.083333333333
1,23.8,90.37,2020-08-24,28.6333333333333,56.1875,161.741666666667,302.316666666667
1,23.8,90.37,2020-08-25,28.3708333333333,57.0041666666667,163.258333333333,301.175
1,23.8,90.37,2020-08-26,27.5625,55.9333333333333,164.820833333333,300.7375
1,23.8,90.37,2020-08-27,27.7125,55.275,166.3,300.725
1,23.8,90.37,2020-08-28,27.725,55.4375,167.558333333333,300.929166666667
1,23.8,90.37,2020-08-29,28.9791666666667,56.7041666666667,168.983333333333,302.091666666667
1,23.8,90.37,2020-08-30,29.2208333333333,58.2,169.570833333333,304.458333333333
1,23.8,90.37,2020-08-31,29.0625,58.2833333333333,170.2625,307.520833333333
1,23.8,90.37,2020-09-01,27.1083333333333,56.1708333333333,169.808333333333,308.395833333333
1,23.8,90.37,2020-09-02,28.0375,55.1458333333333,170.133333333333,309.966666666667
1,23.8,90.37,2020-09-03,28.8625,56.9,171.270833333333,311.275
1,23.8,90.37,2020-09-04,29.7333333333333,58.5958333333333,172.025,312.375
1,23.8,90.37,2020-09-05,29.9083333333333,59.6416666666667,172.7125,313.9125
1,23.8,90.37,2020-09-06,29.5833333333333,59.4916666666667,173.233333333333,315.933333333333
1,23.8,90.37,2020-09-07,29.0875,58.6708333333333,175.2125,317.308333333333
1,23.8,90.37,2020-09-08,29.2541666666667,58.3416666666667,176.429166666667,318.8375
1,23.8,90.37,2020-09-09,28.9166666666667,58.1708333333333,176.483333333333,318.775
1,23.8,90.37,2020-09-10,28.1958333333333,57.1125,174.945833333333,317.75
1,23.8,90.37,2020-09-11,28.5083333333333,56.7041666666667,173.545833333333,317.195833333333
1,23.8,90.37,2020-09-12,28.4791666666667,56.9875,172.441666666667,318.566666666667
1,23.8,90.37,2020-09-13,28.6416666666667,57.1208333333333,171.995833333333,319.170833333333
1,23.8,90.37,2020-09-14,28.3666666666667,57.0083333333333,171.108333333333,318.675
1,23.8,90.37,2020-09-15,27.9291666666667,56.2958333333333,170.120833333333,316.870833333333
1,23.8,90.37,2020-09-16,28.1291666666667,56.0583333333333,170.054166666667,315.091666666667
1,23.8,90.37,2020-09-17,28.6,56.7291666666667,170.145833333333,314.108333333333
1,23.8,90.37,2020-09-18,29.1333333333333,57.7333333333333,170.8,314.154166666667
1,23.8,90.37,2020-09-19,30.4291666666667,59.5625,172.5875,315.329166666667
1,23.8,90.37,2020-09-20,30.1666666666667,60.5958333333333,174.3875,316.579166666667
1,23.8,90.37,2020-09-21,27.6708333333333,57.8375,174.129166666667,316.054166666667
1,23.8,90.37,2020-09-22,27.225,54.8958333333333,173.225,314.770833333333
1,23.8,90.37,2020-09-23,27.2291666666667,54.4541666666667,171.854166666667,313.520833333333
1,23.8,90.37,2020-09-24,26.625,53.8541666666667,169.345833333333,311.504166666667
1,23.8,90.37,2020-09-25,27.6333333333333,54.2583333333333,166.55,310.770833333333
1,23.8,90.37,2020-09-26,27.4,55.0333333333333,163.783333333333,310.241666666667
1,23.8,90.37,2020-09-27,27.4125,54.8125,163.525,309.525
1,23.8,90.37,2020-09-28,28.55,55.9625,164.85,309.475
1,23.8,90.37,2020-09-29,28.2833333333333,56.8333333333333,165.904166666667,308.625
1,23.8,90.37,2020-09-30,28.3125,56.5958333333333,167.591666666667,306.508333333333
1,23.8,90.37,2020-10-01,27.9875,56.3,167.945833333333,304.329166666667
1,23.8,90.37,2020-10-02,27.925,55.9125,168.470833333333,304.583333333333
1,23.8,90.37,2020-10-03,28.3083333333333,56.2333333333333,169.366666666667,305.666666666667
1,23.8,90.37,2020-10-04,28.4833333333333,56.7916666666667,169.3,306.920833333333
1,23.8,90.37,2020-10-05,27.65,56.1333333333333,168.666666666667,307.945833333333
1,23.8,90.37,2020-10-06,27.3208333333333,54.9708333333333,167.675,307.633333333333
1,23.8,90.37,2020-10-07,27.6666666666667,54.9875,167.354166666667,307.9
1,23.8,90.37,2020-10-08,28.9458333333333,56.6125,168.375,309.433333333333
1,23.8,90.37,2020-10-09,29.5291666666667,58.475,169.595833333333,310.4125
1,23.8,90.37,2020-10-10,30.0083333333333,59.5375,171.120833333333,312.1375
1,23.8,90.37,2020-10-11,29.7708333333333,59.7791666666667,173.241666666667,313.595833333333
1,23.8,90.37,2020-10-12,29.4666666666667,59.2375,175.3875,315.075
1,23.8,90.37,2020-10-13,30.025,59.4916666666667,177.745833333333,317.175
1,23.8,90.37,2020-10-14,29.2625,59.2875,178.0625,318.129166666667
1,23.8,90.37,2020-10-15,29.3833333333333,58.6458333333333,177.916666666667,319.029166666667
1,23.8,90.37,2020-10-16,29.5666666666667,58.95,177.475,320.945833333333
1,23.8,90.37,2020-10-17,29.5166666666667,59.0833333333333,177.220833333333,323.141666666667
1,23.8,90.37,2020-10-18,28.5375,58.0541666666667,176.291666666667,324.0125
1,23.8,90.37,2020-10-19,28.2416666666667,56.7791666666667,174.508333333333,323.308333333333
1,23.8,90.37,2020-10-20,28.2583333333333,56.5,173.504166666667,322.0375
1,23.8,90.37,2020-10-21,28.1583333333333,56.4166666666667,172.279166666667,320.1875
1,23.8,90.37,2020-10-22,25.4291666666667,53.5875,168.141666666667,315.845833333333
1,23.8,90.37,2020-10-23,24.7166666666667,50.1458333333333,163.341666666667,311.095833333333
1,23.8,90.37,2020-10-24,25.5541666666667,50.2708333333333,160.358333333333,306.625
1,23.8,90.37,2020-10-25,26.4333333333333,51.9875,158.55,303.795833333333
1,23.8,90.37,2020-10-26,27.1125,53.5458333333333,157.404166666667,301.525
1,23.8,90.37,2020-10-27,27.1208333333333,54.2333333333333,156.366666666667,299.079166666667
1,23.8,90.37,2020-10-28,26.8208333333333,53.9416666666667,157.758333333333,296.383333333333
1,23.8,90.37,2020-10-29,27.5666666666667,54.3875,160.608333333333,295.4125
1,23.8,90.37,2020-10-30,28.4916666666667,56.0583333333333,163.545833333333,295.6625
1,23.8,90.37,2020-10-31,26.6041666666667,55.0958333333333,163.716666666667,294.008333333333
1,23.8,90.37,2020-11-01,26.2125,52.8166666666667,162.816666666667,292.0625
1,23.8,90.37,2020-11-02,26.125,52.3375,161.820833333333,292.758333333333
1,23.8,90.37,2020-11-03,26.5416666666667,52.6666666666667,161.541666666667,294.583333333333
1,23.8,90.37,2020-11-04,25.9458333333333,52.4875,159.920833333333,294.975
1,23.8,90.37,2020-11-05,23.8833333333333,49.8291666666667,155.3125,292.425
1,23.8,90.37,2020-11-06,21.7916666666667,45.675,150.5,287.104166666667
1,23.8,90.37,2020-11-07,21.975,43.7666666666667,146.2625,281.958333333333
1,23.8,90.37,2020-11-08,23.4125,45.3875,143.55,278.55
1,23.8,90.37,2020-11-09,23.9291666666667,47.3416666666667,140.9375,274.9125
1,23.8,90.37,2020-11-10,24.4708333333333,48.4,139.4625,270.891666666667
1,23.8,90.37,2020-11-11,24.6833333333333,49.1541666666667,140.2625,268.970833333333
1,23.8,90.37,2020-11-12,24.5583333333333,49.2416666666667,143.029166666667,267.316666666667
1,23.8,90.37,2020-11-13,24.7541666666667,49.3125,145.808333333333,265.945833333333
1,23.8,90.37,2020-11-14,24.3291666666667,49.0833333333333,146.725,263.733333333333
1,23.8,90.37,2020-11-15,23.9125,48.2416666666667,146.708333333333,261.7
1,23.8,90.37,2020-11-16,23.7,47.6125,145.9375,261.516666666667
1,23.8,90.37,2020-11-17,23.8083333333333,47.5083333333333,145.0625,263.533333333333
1,23.8,90.37,2020-11-18,23.3958333333333,47.2041666666667,143.9,264.954166666667
1,23.8,90.37,2020-11-19,24.1,47.4958333333333,143.245833333333,265.641666666667
1,23.8,90.37,2020-11-20,24.6458333333333,48.7458333333333,143.5625,266.358333333333
1,23.8,90.37,2020-11-21,23.1,47.7458333333333,142.75,264.9875
1,23.8,90.37,2020-11-22,21.9083333333333,45.0083333333333,140.958333333333,262.2125
1,23.8,90.37,2020-11-23,19.7583333333333,41.6666666666667,136.908333333333,257.4125
1,23.8,90.37,2020-11-24,20.0666666666667,39.825,133.579166666667,252.725
1,23.8,90.37,2020-11-25,20.3083333333333,40.375,129.7875,248.704166666667
1,23.8,90.37,2020-11-26,20.8375,41.1458333333333,125.979166666667,245.629166666667
1,23.8,90.37,2020-11-27,21.7458333333333,42.5833333333333,124.625,243.675
1,23.8,90.37,2020-11-28,22.2958333333333,44.0416666666667,125.0125,242.1625
1,23.8,90.37,2020-11-29,21.6583333333333,43.9541666666667,126.9125,240.425
1,23.8,90.37,2020-11-30,21.0333333333333,42.6916666666667,127.879166666667,237.358333333333
1,23.8,90.37,2020-12-01,21.3208333333333,42.3541666666667,128.891666666667,234.033333333333
1,23.8,90.37,2020-12-02,22.0875,43.4083333333333,130.141666666667,233.020833333333
1,23.8,90.37,2020-12-03,22.4333333333333,44.5208333333333,130.829166666667,233.545833333333
1,23.8,90.37,2020-12-04,22.4833333333333,44.9166666666667,131.016666666667,236.270833333333
1,23.8,90.37,2020-12-05,22.0916666666667,44.575,131.45,238.295833333333
1,23.8,90.37,2020-12-06,21.3625,43.4541666666667,131.779166666667,239.35
1,23.8,90.37,2020-12-07,21.3791666666667,42.7416666666667,131.8375,239.891666666667
1,23.8,90.37,2020-12-08,20.7875,42.1666666666667,130.5375,238.933333333333
1,23.8,90.37,2020-12-09,20.0333333333333,40.8208333333333,128.1375,236.670833333333
1,23.8,90.37,2020-12-10,20.2791666666667,40.3125,125.933333333333,235.291666666667
1,23.8,90.37,2020-12-11,19.8666666666667,40.1458333333333,123.708333333333,234.125
1,23.8,90.37,2020-12-12,19.0416666666667,38.9083333333333,121.3875,231.845833333333
1,23.8,90.37,2020-12-13,19.7375,38.7791666666667,119.745833333333,229.495833333333
1,23.8,90.37,2020-12-14,19.4375,39.175,118.395833333333,226.5
1,23.8,90.37,2020-12-15,19.6125,39.05,117.975,223.629166666667
1,23.8,90.37,2020-12-16,19.8958333333333,39.5083333333333,117.591666666667,221.433333333333
1,23.8,90.37,2020-12-17,19.075,38.9708333333333,116.8,219.145833333333
1,23.8,90.37,2020-12-18,17.8083333333333,36.8833333333333,115.566666666667,215.575
1,23.8,90.37,2020-12-19,15.6083333333333,33.4166666666667,111.4375,210.395833333333
1,23.8,90.37,2020-12-20,15.8958333333333,31.5041666666667,107.895833333333,206.258333333333
1,23.8,90.37,2020-12-21,15.8083333333333,31.7041666666667,104.091666666667,201.7875
1,23.8,90.37,2020-12-22,16.7,32.5083333333333,100.895833333333,198.620833333333
1,23.8,90.37,2020-12-23,17.6625,34.3625,99.4833333333333,197.241666666667
1,23.8,90.37,2020-12-24,18.2166666666667,35.8791666666667,99.8916666666667,195.720833333333
1,23.8,90.37,2020-12-25,17.9625,36.1791666666667,102.245833333333,194.245833333333
1,23.8,90.37,2020-12-26,17.5083333333333,35.4708333333333,103.858333333333,192.141666666667
1,23.8,90.37,2020-12-27,16.7041666666667,34.2125,104.754166666667,188.95
1,23.8,90.37,2020-12-28,17,33.7041666666667,105.054166666667,186.875
1,23.8,90.37,2020-12-29,17.0333333333333,34.0333333333333,104.425,186.1
1,23.8,90.37,2020-12-30,18.075,35.1083333333333,104.283333333333,188.566666666667
1,23.8,90.37,2020-12-31,17.9333333333333,36.0083333333333,104.254166666667,190.604166666667
1,23.8,90.37,2021-01-01,17.9416666666667,35.875,104.6875,192.7375
1,23.8,90.37,2021-01-02,17.9083333333333,35.85,105.891666666667,193.945833333333
1,23.8,90.37,2021-01-03,18.3,36.2083333333333,107.191666666667,194.583333333333
1,23.8,90.37,2021-01-04,19.1166666666667,37.4166666666667,109.275,195.483333333333
1,23.8,90.37,2021-01-05,19.7916666666667,38.9083333333333,110.991666666667,197.3125
1,23.8,90.37,2021-01-06,20.5666666666667,40.3583333333333,113.625,200.370833333333
1,23.8,90.37,2021-01-07,21.7208333333333,42.2875,117.404166666667,205.3875
1,23.8,90.37,2021-01-08,21.3458333333333,43.0666666666667,120.841666666667,209.733333333333
1,23.8,90.37,2021-01-09,20.9125,42.2583333333333,123.454166666667,213.6125
1,23.8,90.37,2021-01-10,21.7416666666667,42.6541666666667,126.079166666667,217.279166666667
1,23.8,90.37,2021-01-11,22.6,44.3416666666667,128.8875,221.945833333333
1,23.8,90.37,2021-01-12,20.4,43,128.720833333333,224.404166666667
1,23.8,90.37,2021-01-13,18.7875,39.1875,125.7875,225.283333333333
1,23.8,90.37,2021-01-14,18.975,37.7625,123.416666666667,225.958333333333
1,23.8,90.37,2021-01-15,17.5291666666667,36.5041666666667,120.033333333333,224.370833333333
1,23.8,90.37,2021-01-16,17.0833333333333,34.6125,115.375,221.6625
1,23.8,90.37,2021-01-17,16.9791666666667,34.0625,109.754166666667,218.075
1,23.8,90.37,2021-01-18,16.6333333333333,33.6125,105.9875,212.9875
1,23.8,90.37,2021-01-19,18.35,34.9833333333333,105.55,209.991666666667
1,23.8,90.37,2021-01-20,19.4,37.75,105.975,208.479166666667
1,23.8,90.37,2021-01-21,18.7208333333333,38.1208333333333,107.166666666667,205.458333333333
1,23.8,90.37,2021-01-22,17.3833333333333,36.1041666666667,107.466666666667,200.241666666667
1,23.8,90.37,2021-01-23,17.0375,34.4208333333333,107.525,196.879166666667
1,23.8,90.37,2021-01-24,18.5208333333333,35.5583333333333,109.4125,196.6125
1,23.8,90.37,2021-01-25,17.7791666666667,36.3,108.841666666667,195.416666666667
1,23.8,90.37,2021-01-26,17.425,35.2041666666667,106.866666666667,195.3125
1,23.8,90.37,2021-01-27,16.2708333333333,33.6958333333333,104.416666666667,194.5
1,23.8,90.37,2021-01-28,15.7041666666667,31.975,102.7375,193.225
1,23.8,90.37,2021-01-29,16.8541666666667,32.5583333333333,102.554166666667,193.445833333333
1,23.8,90.37,2021-01-30,17.2333333333333,34.0875,101.266666666667,192.329166666667
1,23.8,90.37,2021-01-31,14.4708333333333,31.7041666666667,97.9583333333333,187.4
1,23.8,90.37,2021-02-01,14.3625,28.8333333333333,94.8958333333333,183.041666666667
1,23.8,90.37,2021-02-02,15.5458333333333,29.9083333333333,94.1708333333333,181.204166666667
1,23.8,90.37,2021-02-03,16.7083333333333,32.2541666666667,95.175,180.875
1,23.8,90.37,2021-02-04,18.2,34.9083333333333,96.5208333333333,180.554166666667
1,23.8,90.37,2021-02-05,18.8125,37.0125,98.1,181.5875
1,23.8,90.37,2021-02-06,19.8625,38.675,103.491666666667,184.025
1,23.8,90.37,2021-02-07,18.45,38.3125,107.579166666667,186.204166666667
1,23.8,90.37,2021-02-08,18.9916666666667,37.4416666666667,111.025,189.491666666667
1,23.8,90.37,2021-02-09,18.875,37.8666666666667,113.191666666667,191.5125
1,23.8,90.37,2021-02-10,19.2416666666667,38.1166666666667,114.233333333333,193.520833333333
1,23.8,90.37,2021-02-11,20.1333333333333,39.375,115.554166666667,199.183333333333
1,23.8,90.37,2021-02-12,20.4208333333333,40.5541666666667,116.1125,205.241666666667
1,23.8,90.37,2021-02-13,19.8166666666667,40.2375,117.479166666667,209.5125
1,23.8,90.37,2021-02-14,20.3458333333333,40.1625,118.833333333333,213.15
1,23.8,90.37,2021-02-15,21.8791666666667,42.225,121.8375,216.829166666667
1,23.8,90.37,2021-02-16,21.2375,43.1166666666667,123.833333333333,219.254166666667
1,23.8,90.37,2021-02-17,21.475,42.7125,125.175,220.866666666667
1,23.8,90.37,2021-02-18,21.9458333333333,43.4208333333333,126.7,224.3625
1,23.8,90.37,2021-02-19,22.3375,44.2833333333333,129.220833333333,227.708333333333
1,23.8,90.37,2021-02-20,22.0458333333333,44.3833333333333,130.920833333333,230.879166666667
1,23.8,90.37,2021-02-21,21.9291666666667,43.975,130.970833333333,233.566666666667
1,23.8,90.37,2021-02-22,21.5125,43.4416666666667,131.245833333333,234.945833333333
1,23.8,90.37,2021-02-23,21.8375,43.35,131.608333333333,236.3625
1,23.8,90.37,2021-02-24,22.9666666666667,44.8041666666667,132.629166666667,239.5125
1,23.8,90.37,2021-02-25,24.3791666666667,47.3458333333333,134.670833333333,243.545833333333
1,23.8,90.37,2021-02-26,25.0166666666667,49.3958333333333,137.641666666667,246.683333333333
1,23.8,90.37,2021-02-27,25.6291666666667,50.6458333333333,141.341666666667,251.075
1,23.8,90.37,2021-02-28,25.8791666666667,51.5083333333333,145.708333333333,255.479166666667
1,23.8,90.37,2021-03-01,25.6416666666667,51.5208333333333,149.5125,259.175
1,23.8,90.37,2021-03-02,25.4875,51.1291666666667,152.033333333333,262.325
1,23.8,90.37,2021-03-03,25.1458333333333,50.6333333333333,152.8,265.425
1,23.8,90.37,2021-03-04,24.1041666666667,49.25,151.8875,267.6
1,23.8,90.37,2021-03-05,24.9208333333333,49.025,151.179166666667,271.008333333333
1,23.8,90.37,2021-03-06,26.4791666666667,51.4,151.779166666667,275.65
1,23.8,90.37,2021-03-07,25.7,52.1791666666667,151.8375,278.383333333333
1,23.8,90.37,2021-03-08,25.7833333333333,51.4833333333333,152.133333333333,279.7875
1,23.8,90.37,2021-03-09,25.5458333333333,51.3291666666667,152.533333333333,280.316666666667
1,23.8,90.37,2021-03-10,26.5458333333333,52.0916666666667,154.975,281.233333333333
2,23.8,90.37,2020-03-07,21.7416666666667,44.3916666666667,139.379166666667,245.829166666667
2,23.8,90.37,2020-03-08,22.3791666666667,44.1208333333333,137.4625,248.1125
2,23.8,90.37,2020-03-09,22.3291666666667,44.7083333333333,135.883333333333,249.9
2,23.8,90.37,2020-03-10,22.0875,44.4166666666667,134.8625,250.820833333333
2,23.8,90.37,2020-03-11,24.0791666666667,46.1666666666667,135.266666666667,253.2375
2,23.8,90.37,2020-03-12,26.1791666666667,50.2583333333333,138.795833333333,256.433333333333
2,23.8,90.37,2020-03-13,27.0291666666667,53.2083333333333,144.083333333333,259.166666666667
2,23.8,90.37,2020-03-14,26.8833333333333,53.9125,148.5875,262.141666666667
2,23.8,90.37,2020-03-15,25.2875,52.1708333333333,151.545833333333,264.320833333333
2,23.8,90.37,2020-03-16,25.8041666666667,51.0916666666667,155.2625,266.45
2,23.8,90.37,2020-03-17,25.5541666666667,51.3583333333333,156.7375,269.354166666667
2,23.8,90.37,2020-03-18,25.6333333333333,51.1875,156.191666666667,273.245833333333
2,23.8,90.37,2020-03-19,25.2541666666667,50.8875,154.416666666667,276.120833333333
2,23.8,90.37,2020-03-20,25.4916666666667,50.7458333333333,153.025,279.283333333333
2,23.8,90.37,2020-03-21,25.9333333333333,51.425,153.670833333333,283.129166666667
2,23.8,90.37,2020-03-22,24.3583333333333,50.2916666666667,152.225,283.408333333333
2,23.8,90.37,2020-03-23,24.5,48.8583333333333,151.170833333333,281.729166666667
2,23.8,90.37,2020-03-24,25.4625,49.9625,151,280.1625
2,23.8,90.37,2020-03-25,27.2833333333333,52.7458333333333,153.029166666667,280.5625
2,23.8,90.37,2020-03-26,28.3458333333333,55.6291666666667,155.883333333333,283.620833333333
2,23.8,90.37,2020-03-27,29.0583333333333,57.4041666666667,159.008333333333,286.875
2,23.8,90.37,2020-03-28,29.3333333333333,58.3916666666667,163.983333333333,290.654166666667
2,23.8,90.37,2020-03-29,28.4791666666667,57.8125,167.9625,293.5
2,23.8,90.37,2020-03-30,27.6791666666667,56.1583333333333,170.179166666667,295.925
2,23.8,90.37,2020-03-31,27.2916666666667,54.9708333333333,170.1875,297.725
2,23.8,90.37,2020-04-01,27.9583333333333,55.25,169.8,299.75
2,23.8,90.37,2020-04-02,29.1125,57.0708333333333,169.854166666667,304.504166666667
2,23.8,90.37,2020-04-03,29.0791666666667,58.1916666666667,169.6,309.083333333333
2,23.8,90.37,2020-04-04,28.6833333333333,57.7625,169.804166666667,312.304166666667
2,23.8,90.37,2020-04-05,28.375,57.0583333333333,170.5,313.395833333333
2,23.8,90.37,2020-04-06,29.175,57.55,172.383333333333,314.225
2,23.8,90.37,2020-04-07,30.2625,59.4375,174.6875,315.429166666667
2,23.8,90.37,2020-04-08,29.0666666666667,59.3291666666667,174.641666666667,315.1625
2,23.8,90.37,2020-04-09,28.8166666666667,57.8833333333333,174.379166666667,315.5
2,23.8,90.37,2020-04-10,29.2333333333333,58.05,174.929166666667,317.054166666667
2,23.8,90.37,2020-04-11,29.1,58.3333333333333,175.654166666667,318.8625
2,23.8,90.37,2020-04-12,27.2583333333333,56.3583333333333,173.7375,318.1625
2,23.8,90.37,2020-04-13,28.7125,55.9708333333333,172.1875,317.7625
2,23.8,90.37,2020-04-14,29.4958333333333,58.2083333333333,172.616666666667,318.179166666667
2,23.8,90.37,2020-04-15,28.1375,57.6333333333333,171.9375,317.633333333333
2,23.8,90.37,2020-04-16,28.1791666666667,56.3166666666667,170.883333333333,317.4375
2,23.8,90.37,2020-04-17,27.0666666666667,55.2458333333333,168.85,315.329166666667
2,23.8,90.37,2020-04-18,26.8291666666667,53.8958333333333,168.420833333333,311.895833333333
2,23.8,90.37,2020-04-19,28.3416666666667,55.1708333333333,168.05,311.170833333333
2,23.8,90.37,2020-04-20,27.8583333333333,56.2,166.4125,310.2125
2,23.8,90.37,2020-04-21,25.7416666666667,53.6,164.016666666667,306.720833333333
2,23.8,90.37,2020-04-22,24.8875,50.6291666666667,160.725,302.508333333333
2,23.8,90.37,2020-04-23,24.7333333333333,49.6208333333333,158.391666666667,299.983333333333
2,23.8,90.37,2020-04-24,24.6416666666667,49.375,156.204166666667,295.9125
2,23.8,90.37,2020-04-25,24.5083333333333,49.15,152.370833333333,290.925
2,23.8,90.37,2020-04-26,24.7541666666667,49.2625,149.266666666667,287.541666666667
2,23.8,90.37,2020-04-27,25.5333333333333,50.2875,149.058333333333,284.895833333333
2,23.8,90.37,2020-04-28,24.6291666666667,50.1625,148.8,282.458333333333
2,23.8,90.37,2020-04-29,24.75,49.3791666666667,148.816666666667,280.379166666667
2,23.8,90.37,2020-04-30,25.5125,50.2625,149.6875,277.55
2,23.8,90.37,2020-05-01,25.7375,51.25,150.916666666667,275.429166666667
2,23.8,90.37,2020-05-02,25.6208333333333,51.3583333333333,151.783333333333,275.308333333333
2,23.8,90.37,2020-05-03,25.725,51.3458333333333,151.975,276.145833333333
2,23.8,90.37,2020-05-04,27.1083333333333,52.8333333333333,154.454166666667,278.520833333333
2,23.8,90.37,2020-05-05,28.1625,55.2708333333333,157.866666666667,282.041666666667
2,23.8,90.37,2020-05-06,26.9625,55.125,159.316666666667,284.495833333333
2,23.8,90.37,2020-05-07,27.4291666666667,54.3916666666667,161.008333333333,287.170833333333
2,23.8,90.37,2020-05-08,27.2708333333333,54.7,162.658333333333,288.908333333333
2,23.8,90.37,2020-05-09,28.1666666666667,55.4375,165.1,292.445833333333
2,23.8,90.37,2020-05-10,28.6291666666667,56.7958333333333,166.620833333333,296.325
2,23.8,90.37,2020-05-11,29.4333333333333,58.0625,167.891666666667,300.245833333333
2,23.8,90.37,2020-05-12,29.725,59.1583333333333,170.654166666667,304.233333333333
2,23.8,90.37,2020-05-13,28.3708333333333,58.0958333333333,171.595833333333,306.983333333333
2,23.8,90.37,2020-05-14,28.5541666666667,56.925,172.879166666667,309.8125
2,23.8,90.37,2020-05-15,27.7416666666667,56.2958333333333,172.454166666667,310.445833333333
2,23.8,90.37,2020-05-16,29.6041666666667,57.3458333333333,173.429166666667,311.8875
2,23.8,90.37,2020-05-17,29.7333333333333,59.3375,173.729166666667,314.658333333333
2,23.8,90.37,2020-05-18,29.5583333333333,59.2916666666667,173.5625,316.7875
2,23.8,90.37,2020-05-19,28.0416666666667,57.6,173.233333333333,317.558333333333
2,23.8,90.37,2020-05-20,26.9083333333333,54.95,171.5875,316.3
2,23.8,90.37,2020-05-21,27.1583333333333,54.0666666666667,171.004166666667,314.829166666667
2,23.8,90.37,2020-05-22,27.5291666666667,54.6875,168.929166666667,312.925
2,23.8,90.37,2020-05-23,29.3416666666667,56.8708333333333,168.5375,312.541666666667
2,23.8,90.37,2020-05-24,28.975,58.3166666666667,167.954166666667,313.145833333333
2,23.8,90.37,2020-05-25,29.3166666666667,58.2916666666667,169.229166666667,313.908333333333
2,23.8,90.37,2020-05-26,29.1416666666667,58.4583333333333,171.4625,315.308333333333
2,23.8,90.37,2020-05-27,27.7291666666667,56.8708333333333,172.033333333333,313.433333333333
2,23.8,90.37,2020-05-28,26.5083333333333,54.2375,171.0125,310.208333333333
2,23.8,90.37,2020-05-29,26.0083333333333,52.5166666666667,167.679166666667,306.658333333333
2,23.8,90.37,2020-05-30,26.7,52.7083333333333,165.404166666667,305.316666666667
2,23.8,90.37,2020-05-31,27.9375,54.6375,164.025,306.345833333333
2,23.8,90.37,2020-06-01,28.4583333333333,56.3958333333333,163.341666666667,307.645833333333
2,23.8,90.37,2020-06-02,28.5666666666667,57.025,164.179166666667,308.683333333333
2,23.8,90.37,2020-06-03,27.8416666666667,56.4083333333333,165.5125,307.183333333333
2,23.8,90.37,2020-06-04,27.8833333333333,55.725,167.3875,306.091666666667
2,23.8,90.37,2020-06-05,28.5708333333333,56.4541666666667,169.258333333333,305.345833333333
2,23.8,90.37,2020-06-06,28.375,56.9458333333333,169.695833333333,304.579166666667
2,23.8,90.37,2020-06-07,28.6625,57.0375,169.9,305.5125
2,23.8,90.37,2020-06-08,28.6333333333333,57.2958333333333,169.966666666667,307.6375
2,23.8,90.37,2020-06-09,29.8625,58.4958333333333,171.9875,311.491666666667
2,23.8,90.37,2020-06-10,28.575,58.4375,172.679166666667,313.366666666667
2,23.8,90.37,2020-06-11,27.8125,56.3875,171.920833333333,313.241666666667
2,23.8,90.37,2020-06-12,27.3791666666667,55.1916666666667,170.925,312.1625
2,23.8,90.37,2020-06-13,27.425,54.8041666666667,169.6875,311.020833333333
2,23.8,90.37,2020-06-14,28.3041666666667,55.7291666666667,169.358333333333,311.483333333333
2,23.8,90.37,2020-06-15,28.0791666666667,56.3833333333333,167.575,311.679166666667
2,23.8,90.37,2020-06-16,27.9208333333333,56,166.920833333333,311.029166666667
2,23.8,90.37,2020-06-17,26.3375,54.2583333333333,165.445833333333,308.991666666667
2,23.8,90.37,2020-06-18,27.1875,53.525,165.254166666667,307.516666666667
2,23.8,90.37,2020-06-19,27.0666666666667,54.2541666666667,164.895833333333,305.95
2,23.8,90.37,2020-06-20,28.3,55.3666666666667,164.891666666667,304.3875
2,23.8,90.37,2020-06-21,27.7083333333333,56.0083333333333,164.520833333333,303.520833333333
2,23.8,90.37,2020-06-22,28.2833333333333,55.9916666666667,164.883333333333,303.991666666667
2,23.8,90.37,2020-06-23,28.525,56.8083333333333,167.070833333333,305.1375
2,23.8,90.37,2020-06-24,29.3041666666667,57.8291666666667,169.1875,307.016666666667
2,23.8,90.37,2020-06-25,29.6125,58.9166666666667,171.733333333333,308.325
2,23.8,90.37,2020-06-26,29.1,58.7125,172.533333333333,309.345833333333
2,23.8,90.37,2020-06-27,27.9583333333333,57.0583333333333,172.783333333333,309.383333333333
2,23.8,90.37,2020-06-28,27.0291666666667,54.9875,171.529166666667,310.075
2,23.8,90.37,2020-06-29,27.6125,54.6416666666667,170.616666666667,310.5
2,23.8,90.37,2020-06-30,28.3041666666667,55.9166666666667,169.616666666667,311.7375
2,23.8,90.37,2020-07-01,29,57.3041666666667,169.004166666667,312.4375
2,23.8,90.37,2020-07-02,29.3458333333333,58.3458333333333,169.25,314.075
2,23.8,90.37,2020-07-03,29.5833333333333,58.9291666666667,170.875,315.375
2,23.8,90.37,2020-07-04,28.5291666666667,58.1125,172.375,315.379166666667
2,23.8,90.37,2020-07-05,27.5083333333333,56.0375,172.270833333333,313.583333333333
2,23.8,90.37,2020-07-06,27.9375,55.4458333333333,171.904166666667,311.908333333333
2,23.8,90.37,2020-07-07,28.3708333333333,56.3083333333333,171.275,311.179166666667
2,23.8,90.37,2020-07-08,28.4666666666667,56.8375,170.395833333333,311.6875
2,23.8,90.37,2020-07-09,28.2666666666667,56.7333333333333,169.079166666667,312.925
2,23.8,90.37,2020-07-10,28.5708333333333,56.8375,169.120833333333,313.883333333333
2,23.8,90.37,2020-07-11,27.7875,56.3583333333333,169.4,313.366666666667
2,23.8,90.37,2020-07-12,27.1125,54.9,168.575,311.479166666667
2,23.8,90.37,2020-07-13,27.6541666666667,54.7666666666667,167.858333333333,309.7875
2,23.8,90.37,2020-07-14,27.975,55.6291666666667,167.366666666667,308.179166666667
2,23.8,90.37,2020-07-15,28.3583333333333,56.3333333333333,167.458333333333,308.008333333333
2,23.8,90.37,2020-07-16,28.7416666666667,57.1,167.629166666667,309.241666666667
2,23.8,90.37,2020-07-17,28.7208333333333,57.4625,168.5625,310.025
2,23.8,90.37,2020-07-18,28.7791666666667,57.5,170.229166666667,310.433333333333
2,23.8,90.37,2020-07-19,28.9375,57.7166666666667,171.5125,310.904166666667
2,23.8,90.37,2020-07-20,27.6208333333333,56.5583333333333,171.158333333333,310.258333333333
2,23.8,90.37,2020-07-21,27.3541666666667,54.975,170.154166666667,309.041666666667
2,23.8,90.37,2020-07-22,26.6458333333333,54,168.058333333333,307.9
2,23.8,90.37,2020-07-23,27.6125,54.2583333333333,166.95,308.4
2,23.8,90.37,2020-07-24,27.4375,55.05,165.608333333333,308.183333333333
2,23.8,90.37,2020-07-25,28.6458333333333,56.0833333333333,165.316666666667,308.854166666667
2,23.8,90.37,2020-07-26,29.7666666666667,58.4125,167.4625,310.2625
2,23.8,90.37,2020-07-27,29.1041666666667,58.8708333333333,169.2125,310.625
2,23.8,90.37,2020-07-28,28.4333333333333,57.5375,171,310.3375
2,23.8,90.37,2020-07-29,27.9125,56.3458333333333,171.3,309.470833333333
2,23.8,90.37,2020-07-30,28.6333333333333,56.5458333333333,172.495833333333,309.166666666667
2,23.8,90.37,2020-07-31,29.3625,57.9958333333333,173.2125,310.908333333333
2,23.8,90.37,2020-08-01,29.5416666666667,58.9041666666667,172.9875,313.095833333333
2,23.8,90.37,2020-08-02,29.9625,59.5041666666667,173.845833333333,316.4125
2,23.8,90.37,2020-08-03,30.825,60.7875,176.2375,319.625
2,23.8,90.37,2020-08-04,29.7208333333333,60.5458333333333,178.045833333333,321.908333333333
2,23.8,90.37,2020-08-05,28.5625,58.2833333333333,177.975,321.825
2,23.8,90.37,2020-08-06,28.3916666666667,56.9541666666667,177.004166666667,320.45
2,23.8,90.37,2020-08-07,28.7791666666667,57.1708333333333,176.241666666667,320.125
2,23.8,90.37,2020-08-08,29.075,57.8541666666667,175.354166666667,320.766666666667
2,23.8,90.37,2020-08-09,29.0166666666667,58.0916666666667,173.545833333333,321.870833333333
2,23.8,90.37,2020-08-10,29.2416666666667,58.2583333333333,173.066666666667,322.479166666667
2,23.8,90.37,2020-08-11,28.6541666666667,57.8958333333333,173.158333333333,321.770833333333
2,23.8,90.37,2020-08-12,28.975,57.6291666666667,173.741666666667,321.204166666667
2,23.8,90.37,2020-08-13,29.4,58.375,174.3625,320.641666666667
2,23.8,90.37,2020-08-14,29.5125,58.9125,174.8,319.329166666667
2,23.8,90.37,2020-08-15,28,57.5125,173.783333333333,317.608333333333
2,23.8,90.37,2020-08-16,27.725,55.725,172.266666666667,316.770833333333
2,23.8,90.37,2020-08-17,27.5208333333333,55.2458333333333,171.133333333333,315.9
2,23.8,90.37,2020-08-18,27.8166666666667,55.3375,169.975,314.9375
2,23.8,90.37,2020-08-19,26.8541666666667,54.6708333333333,167.429166666667,312.716666666667
2,23.8,90.37,2020-08-20,26,52.8541666666667,163.916666666667,309.7
2,23.8,90.37,2020-08-21,26.2333333333333,52.2333333333333,162.15,306.691666666667
2,23.8,90.37,2020-08-22,26.4666666666667,52.7,160.891666666667,304.504166666667
2,23.8,90.37,2020-08-23,27.5541666666667,54.0208333333333,160.925,303.083333333333
2,23.8,90.37,2020-08-24,28.6333333333333,56.1875,161.741666666667,302.316666666667
2,23.8,90.37,2020-08-25,28.3708333333333,57.0041666666667,163.258333333333,301.175
2,23.8,90.37,2020-08-26,27.5625,55.9333333333333,164.820833333333,300.7375
2,23.8,90.37,2020-08-27,27.7125,55.275,166.3,300.725
2,23.8,90.37,2020-08-28,27.725,55.4375,167.558333333333,300.929166666667
2,23.8,90.37,2020-08-29,28.9791666666667,56.7041666666667,168.983333333333,302.091666666667
2,23.8,90.37,2020-08-30,29.2208333333333,58.2,169.570833333333,304.458333333333
2,23.8,90.37,2020-08-31,29.0625,58.2833333333333,170.2625,307.520833333333
2,23.8,90.37,2020-09-01,27.1083333333333,56.1708333333333,169.808333333333,308.395833333333
2,23.8,90.37,2020-09-02,28.0375,55.1458333333333,170.133333333333,309.966666666667
2,23.8,90.37,2020-09-03,28.8625,56.9,171.270833333333,311.275
2,23.8,90.37,2020-09-04,29.7333333333333,58.5958333333333,172.025,312.375
2,23.8,90.37,2020-09-05,29.9083333333333,59.6416666666667,172.7125,313.9125
2,23.8,90.37,2020-09-06,29.5833333333333,59.4916666666667,173.233333333333,315.933333333333
2,23.8,90.37,2020-09-07,29.0875,58.6708333333333,175.2125,317.308333333333
2,23.8,90.37,2020-09-08,29.2541666666667,58.3416666666667,176.429166666667,318.8375
2,23.8,90.37,2020-09-09,28.9166666666667,58.1708333333333,176.483333333333,318.775
2,23.8,90.37,2020-09-10,28.1958333333333,57.1125,174.945833333333,317.75
2,23.8,90.37,2020-09-11,28.5083333333333,56.7041666666667,173.545833333333,317.195833333333
2,23.8,90.37,2020-09-12,28.4791666666667,56.9875,172.441666666667,318.566666666667
2,23.8,90.37,2020-09-13,28.6416666666667,57.1208333333333,171.995833333333,319.170833333333
2,23.8,90.37,2020-09-14,28.3666666666667,57.0083333333333,171.108333333333,318.675
2,23.8,90.37,2020-09-15,27.9291666666667,56.2958333333333,170.120833333333,316.870833333333
2,23.8,90.37,2020-09-16,28.1291666666667,56.0583333333333,170.054166666667,315.091666666667
2,23.8,90.37,2020-09-17,28.6,56.7291666666667,170.145833333333,314.108333333333
2,23.8,90.37,2020-09-18,29.1333333333333,57.7333333333333,170.8,314.154166666667
2,23.8,90.37,2020-09-19,30.4291666666667,59.5625,172.5875,315.329166666667
2,23.8,90.37,2020-09-20,30.1666666666667,60.5958333333333,174.3875,316.579166666667
2,23.8,90.37,2020-09-21,27.6708333333333,57.8375,174.129166666667,316.054166666667
2,23.8,90.37,2020-09-22,27.225,54.8958333333333,173.225,314.770833333333
2,23.8,90.37,2020-09-23,27.2291666666667,54.4541666666667,171.854166666667,313.520833333333
2,23.8,90.37,2020-09-24,26.625,53.8541666666667,169.345833333333,311.504166666667
2,23.8,90.37,2020-09-25,27.6333333333333,54.2583333333333,166.55,310.770833333333
2,23.8,90.37,2020-09-26,27.4,55.0333333333333,163.783333333333,310.241666666667
2,23.8,90.37,2020-09-27,27.4125,54.8125,163.525,309.525
2,23.8,90.37,2020-09-28,28.55,55.9625,164.85,309.475
2,23.8,90.37,2020-09-29,28.2833333333333,56.8333333333333,165.904166666667,308.625
2,23.8,90.37,2020-09-30,28.3125,56.5958333333333,167.591666666667,306.508333333333
2,23.8,90.37,2020-10-01,27.9875,56.3,167.945833333333,304.329166666667
2,23.8,90.37,2020-10-02,27.925,55.9125,168.470833333333,304.583333333333
2,23.8,90.37,2020-10-03,28.3083333333333,56.2333333333333,169.366666666667,305.666666666667
2,23.8,90.37,2020-10-04,28.4833333333333,56.7916666666667,169.3,306.920833333333
2,23.8,90.37,2020-10-05,27.65,56.1333333333333,168.666666666667,307.945833333333
2,23.8,90.37,2020-10-06,27.3208333333333,54.9708333333333,167.675,307.633333333333
2,23.8,90.37,2020-10-07,27.6666666666667,54.9875,167.354166666667,307.9
2,23.8,90.37,2020-10-08,28.9458333333333,56.6125,168.375,309.433333333333
2,23.8,90.37,2020-10-09,29.5291666666667,58.475,169.595833333333,310.4125
2,23.8,90.37,2020-10-10,30.0083333333333,59.5375,171.120833333333,312.1375
2,23.8,90.37,2020-10-11,29.7708333333333,59.7791666666667,173.241666666667,313.595833333333
2,23.8,90.37,2020-10-12,29.4666666666667,59.2375,175.3875,315.075
2,23.8,90.37,2020-10-13,30.025,59.4916666666667,177.745833333333,317.175
2,23.8,90.37,2020-10-14,29.2625,59.2875,178.0625,318.129166666667
2,23.8,90.37,2020-10-15,29.3833333333333,58.6458333333333,177.916666666667,319.029166666667
2,23.8,90.37,2020-10-16,29.5666666666667,58.95,177.475,320.945833333333
2,23.8,90.37,2020-10-17,29.5166666666667,59.0833333333333,177.220833333333,323.141666666667
2,23.8,90.37,2020-10-18,28.5375,58.0541666666667,176.291666666667,324.0125
2,23.8,90.37,2020-10-19,28.2416666666667,56.7791666666667,174.508333333333,323.308333333333
2,23.8,90.37,2020-10-20,28.2583333333333,56.5,173.504166666667,322.0375
2,23.8,90.37,2020-10-21,28.1583333333333,56.4166666666667,172.279166666667,320.1875
2,23.8,90.37,2020-10-22,25.4291666666667,53.5875,168.141666666667,315.845833333333
2,23.8,90.37,2020-10-23,24.7166666666667,50.1458333333333,163.341666666667,311.095833333333
2,23.8,90.37,2020-10-24,25.5541666666667,50.2708333333333,160.358333333333,306.625
2,23.8,90.37,2020-10-25,26.4333333333333,51.9875,158.55,303.795833333333
2,23.8,90.37,2020-10-26,27.1125,53.5458333333333,157.404166666667,301.525
2,23.8,90.37,2020-10-27,27.1208333333333,54.2333333333333,156.366666666667,299.079166666667
2,23.8,90.37,2020-10-28,26.8208333333333,53.9416666666667,157.758333333333,296.383333333333
2,23.8,90.37,2020-10-29,27.5666666666667,54.3875,160.608333333333,295.4125
2,23.8,90.37,2020-10-30,28.4916666666667,56.0583333333333,163.545833333333,295.6625
2,23.8,90.37,2020-10-31,26.6041666666667,55.0958333333333,163.716666666667,294.008333333333
2,23.8,90.37,2020-11-01,26.2125,52.8166666666667,162.816666666667,292.0625
2,23.8,90.37,2020-11-02,26.125,52.3375,161.820833333333,292.758333333333
2,23.8,90.37,2020-11-03,26.5416666666667,52.6666666666667,161.541666666667,294.583333333333
2,23.8,90.37,2020-11-04,25.9458333333333,52.4875,159.920833333333,294.975
2,23.8,90.37,2020-11-05,23.8833333333333,49.8291666666667,155.3125,292.425
2,23.8,90.37,2020-11-06,21.7916666666667,45.675,150.5,287.104166666667
2,23.8,90.37,2020-11-07,21.975,43.7666666666667,146.2625,281.958333333333
2,23.8,90.37,2020-11-08,23.4125,45.3875,143.55,278.55
2,23.8,90.37,2020-11-09,23.9291666666667,47.3416666666667,140.9375,274.9125
2,23.8,90.37,2020-11-10,24.4708333333333,48.4,139.4625,270.891666666667
2,23.8,90.37,2020-11-11,24.6833333333333,49.1541666666667,140.2625,268.970833333333
2,23.8,90.37,2020-11-12,24.5583333333333,49.2416666666667,143.029166666667,267.316666666667
2,23.8,90.37,2020-11-13,24.7541666666667,49.3125,145.808333333333,265.945833333333
2,23.8,90.37,2020-11-14,24.3291666666667,49.0833333333333,146.725,263.733333333333
2,23.8,90.37,2020-11-15,23.9125,48.2416666666667,146.708333333333,261.7
2,23.8,90.37,2020-11-16,23.7,47.6125,145.9375,261.516666666667
2,23.8,90.37,2020-11-17,23.8083333333333,47.5083333333333,145.0625,263.533333333333
2,23.8,90.37,2020-11-18,23.3958333333333,47.2041666666667,143.9,264.954166666667
2,23.8,90.37,2020-11-19,24.1,47.4958333333333,143.245833333333,265.641666666667
2,23.8,90.37,2020-11-20,24.6458333333333,48.7458333333333,143.5625,266.358333333333
2,23.8,90.37,2020-11-21,23.1,47.7458333333333,142.75,264.9875
2,23.8,90.37,2020-11-22,21.9083333333333,45.0083333333333,140.958333333333,262.2125
2,23.8,90.37,2020-11-23,19.7583333333333,41.6666666666667,136.908333333333,257.4125
2,23.8,90.37,2020-11-24,20.0666666666667,39.825,133.579166666667,252.725
2,23.8,90.37,2020-11-25,20.3083333333333,40.375,129.7875,248.704166666667
2,23.8,90.37,2020-11-26,20.8375,41.1458333333333,125.979166666667,245.629166666667
2,23.8,90.37,2020-11-27,21.7458333333333,42.5833333333333,124.625,243.675
2,23.8,90.37,2020-11-28,22.2958333333333,44.0416666666667,125.0125,242.1625
2,23.8,90.37,2020-11-29,21.6583333333333,43.9541666666667,126.9125,240.425
2,23.8,90.37,2020-11-30,21.0333333333333,42.6916666666667,127.879166666667,237.358333333333
2,23.8,90.37,2020-12-01,21.3208333333333,42.3541666666667,128.891666666667,234.033333333333
2,23.8,90.37,2020-12-02,22.0875,43.4083333333333,130.141666666667,233.020833333333
2,23.8,90.37,2020-12-03,22.4333333333333,44.5208333333333,130.829166666667,233.545833333333
2,23.8,90.37,2020-12-04,22.4833333333333,44.9166666666667,131.016666666667,236.270833333333
2,23.8,90.37,2020-12-05,22.0916666666667,44.575,131.45,238.295833333333
2,23.8,90.37,2020-12-06,21.3625,43.4541666666667,131.779166666667,239.35
2,23.8,90.37,2020-12-07,21.3791666666667,42.7416666666667,131.8375,239.891666666667
2,23.8,90.37,2020-12-08,20.7875,42.1666666666667,130.5375,238.933333333333
2,23.8,90.37,2020-12-09,20.0333333333333,40.8208333333333,128.1375,236.670833333333
2,23.8,90.37,2020-12-10,20.2791666666667,40.3125,125.933333333333,235.291666666667
2,23.8,90.37,2020-12-11,19.8666666666667,40.1458333333333,123.708333333333,234.125
2,23.8,90.37,2020-12-12,19.0416666666667,38.9083333333333,121.3875,231.845833333333
2,23.8,90.37,2020-12-13,19.7375,38.7791666666667,119.745833333333,229.495833333333
2,23.8,90.37,2020-12-14,19.4375,39.175,118.395833333333,226.5
2,23.8,90.37,2020-12-15,19.6125,39.05,117.975,223.629166666667
2,23.8,90.37,2020-12-16,19.8958333333333,39.5083333333333,117.591666666667,221.433333333333
2,23.8,90.37,2020-12-17,19.075,38.9708333333333,116.8,219.145833333333
2,23.8,90.37,2020-12-18,17.8083333333333,36.8833333333333,115.566666666667,215.575
2,23.8,90.37,2020-12-19,15.6083333333333,33.4166666666667,111.4375,210.395833333333
2,23.8,90.37,2020-12-20,15.8958333333333,31.5041666666667,107.895833333333,206.258333333333
2,23.8,90.37,2020-12-21,15.8083333333333,31.7041666666667,104.091666666667,201.7875
2,23.8,90.37,2020-12-22,16.7,32.5083333333333,100.895833333333,198.620833333333
2,23.8,90.37,2020-12-23,17.6625,34.3625,99.4833333333333,197.241666666667
2,23.8,90.37,2020-12-24,18.2166666666667,35.8791666666667,99.8916666666667,195.720833333333
2,23.8,90.37,2020-12-25,17.9625,36.1791666666667,102.245833333333,194.245833333333
2,23.8,90.37,2020-12-26,17.5083333333333,35.4708333333333,103.858333333333,192.141666666667
2,23.8,90.37,2020-12-27,16.7041666666667,34.2125,104.754166666667,188.95
2,23.8,90.37,2020-12-28,17,33.7041666666667,105.054166666667,186.875
2,23.8,90.37,2020-12-29,17.0333333333333,34.0333333333333,104.425,186.1
2,23.8,90.37,2020-12-30,18.075,35.1083333333333,104.283333333333,188.566666666667
2,23.8,90.37,2020-12-31,17.9333333333333,36.0083333333333,104.254166666667,190.604166666667
2,23.8,90.37,2021-01-01,17.9416666666667,35.875,104.6875,192.7375
2,23.8,90.37,2021-01-02,17.9083333333333,35.85,105.891666666667,193.945833333333
2,23.8,90.37,2021-01-03,18.3,36.2083333333333,107.191666666667,194.583333333333
2,23.8,90.37,2021-01-04,19.1166666666667,37.4166666666667,109.275,195.483333333333
2,23.8,90.37,2021-01-05,19.7916666666667,38.9083333333333,110.991666666667,197.3125
2,23.8,90.37,2021-01-06,20.5666666666667,40.3583333333333,113.625,200.370833333333
2,23.8,90.37,2021-01-07,21.7208333333333,42.2875,117.404166666667,205.3875
2,23.8,90.37,2021-01-08,21.3458333333333,43.0666666666667,120.841666666667,209.733333333333
2,23.8,90.37,2021-01-09,20.9125,42.2583333333333,123.454166666667,213.6125
2,23.8,90.37,2021-01-10,21.7416666666667,42.6541666666667,126.079166666667,217.279166666667
2,23.8,90.37,2021-01-11,22.6,44.3416666666667,128.8875,221.945833333333
2,23.8,90.37,2021-01-12,20.4,43,128.720833333333,224.404166666667
2,23.8,90.37,2021-01-13,18.7875,39.1875,125.7875,225.283333333333
2,23.8,90.37,2021-01-14,18.975,37.7625,123.416666666667,225.958333333333
2,23.8,90.37,2021-01-15,17.5291666666667,36.5041666666667,120.033333333333,224.370833333333
2,23.8,90.37,2021-01-16,17.0833333333333,34.6125,115.375,221.6625
2,23.8,90.37,2021-01-17,16.9791666666667,34.0625,109.754166666667,218.075
2,23.8,90.37,2021-01-18,16.6333333333333,33.6125,105.9875,212.9875
2,23.8,90.37,2021-01-19,18.35,34.9833333333333,105.55,209.991666666667
2,23.8,90.37,2021-01-20,19.4,37.75,105.975,208.479166666667
2,23.8,90.37,2021-01-21,18.7208333333333,38.1208333333333,107.166666666667,205.458333333333
2,23.8,90.37,2021-01-22,17.3833333333333,36.1041666666667,107.466666666667,200.241666666667
2,23.8,90.37,2021-01-23,17.0375,34.4208333333333,107.525,196.879166666667
2,23.8,90.37,2021-01-24,18.5208333333333,35.5583333333333,109.4125,196.6125
2,23.8,90.37,2021-01-25,17.7791666666667,36.3,108.841666666667,195.416666666667
2,23.8,90.37,2021-01-26,17.425,35.2041666666667,106.866666666667,195.3125
2,23.8,90.37,2021-01-27,16.2708333333333,33.6958333333333,104.416666666667,194.5
2,23.8,90.37,2021-01-28,15.7041666666667,31.975,102.7375,193.225
2,23.8,90.37,2021-01-29,16.8541666666667,32.5583333333333,102.554166666667,193.445833333333
2,23.8,90.37,2021-01-30,17.2333333333333,34.0875,101.266666666667,192.329166666667
2,23.8,90.37,2021-01-31,14.4708333333333,31.7041666666667,97.9583333333333,187.4
2,23.8,90.37,2021-02-01,14.3625,28.8333333333333,94.8958333333333,183.041666666667
2,23.8,90.37,2021-02-02,15.5458333333333,29.9083333333333,94.1708333333333,181.204166666667
2,23.8,90.37,2021-02-03,16.7083333333333,32.2541666666667,95.175,180.875
2,23.8,90.37,2021-02-04,18.2,34.9083333333333,96.5208333333333,180.554166666667
2,23.8,90.37,2021-02-05,18.8125,37.0125,98.1,181.5875
2,23.8,90.37,2021-02-06,19.8625,38.675,103.491666666667,184.025
2,23.8,90.37,2021-02-07,18.45,38.3125,107.579166666667,186.204166666667
2,23.8,90.37,2021-02-08,18.9916666666667,37.4416666666667,111.025,189.491666666667
2,23.8,90.37,2021-02-09,18.875,37.8666666666667,113.191666666667,191.5125
2,23.8,90.37,2021-02-10,19.2416666666667,38.1166666666667,114.233333333333,193.520833333333
2,23.8,90.37,2021-02-11,20.1333333333333,39.375,115.554166666667,199.183333333333
2,23.8,90.37,2021-02-12,20.4208333333333,40.5541666666667,116.1125,205.241666666667
2,23.8,90.37,2021-02-13,19.8166666666667,40.2375,117.479166666667,209.5125
2,23.8,90.37,2021-02-14,20.3458333333333,40.1625,118.833333333333,213.15
2,23.8,90.37,2021-02-15,21.8791666666667,42.225,121.8375,216.829166666667
2,23.8,90.37,2021-02-16,21.2375,43.1166666666667,123.833333333333,219.254166666667
2,23.8,90.37,2021-02-17,21.475,42.7125,125.175,220.866666666667
2,23.8,90.37,2021-02-18,21.9458333333333,43.4208333333333,126.7,224.3625
2,23.8,90.37,2021-02-19,22.3375,44.2833333333333,129.220833333333,227.708333333333
2,23.8,90.37,2021-02-20,22.0458333333333,44.3833333333333,130.920833333333,230.879166666667
2,23.8,90.37,2021-02-21,21.9291666666667,43.975,130.970833333333,233.566666666667
2,23.8,90.37,2021-02-22,21.5125,43.4416666666667,131.245833333333,234.945833333333
2,23.8,90.37,2021-02-23,21.8375,43.35,131.608333333333,236.3625
2,23.8,90.37,2021-02-24,22.9666666666667,44.8041666666667,132.629166666667,239.5125
2,23.8,90.37,2021-02-25,24.3791666666667,47.3458333333333,134.670833333333,243.545833333333
2,23.8,90.37,2021-02-26,25.0166666666667,49.3958333333333,137.641666666667,246.683333333333
2,23.8,90.37,2021-02-27,25.6291666666667,50.6458333333333,141.341666666667,251.075
2,23.8,90.37,2021-02-28,25.8791666666667,51.5083333333333,145.708333333333,255.479166666667
2,23.8,90.37,2021-03-01,25.6416666666667,51.5208333333333,149.5125,259.175
2,23.8,90.37,2021-03-02,25.4875,51.1291666666667,152.033333333333,262.325
2,23.8,90.37,2021-03-03,25.1458333333333,50.6333333333333,152.8,265.425
2,23.8,90.37,2021-03-04,24.1041666666667,49.25,151.8875,267.6
2,23.8,90.37,2021-03-05,24.9208333333333,49.025,151.179166666667,271.008333333333
2,23.8,90.37,2021-03-06,26.4791666666667,51.4,151.779166666667,275.65
2,23.8,90.37,2021-03-07,25.7,52.1791666666667,151.8375,278.383333333333
2,23.8,90.37,2021-03-08,25.7833333333333,51.4833333333333,152.133333333333,279.7875
2,23.8,90.37,2021-03-09,25.5458333333333,51.3291666666667,152.533333333333,280.316666666667
2,23.8,90.37,2021-03-10,26.5458333333333,52.0916666666667,154.975,281.233333333333
3,23.8,90.37,2020-03-07,21.6916666666667,44.2833333333333,139.070833333333,245.291666666667
3,23.8,90.37,2020-03-08,22.3333333333333,44.025,137.145833333333,247.579166666667
3,23.8,90.37,2020-03-09,22.2916666666667,44.625,135.583333333333,249.383333333333
3,23.8,90.37,2020-03-10,22.0375,44.3291666666667,134.566666666667,250.3
3,23.8,90.37,2020-03-11,24.0541666666667,46.0916666666667,135,252.725
3,23.8,90.37,2020-03-12,26.1333333333333,50.1875,138.541666666667,255.920833333333
3,23.8,90.37,2020-03-13,26.975,53.1083333333333,143.825,258.6375
3,23.8,90.37,2020-03-14,26.8125,53.7875,148.304166666667,261.595833333333
3,23.8,90.37,2020-03-15,25.2375,52.05,151.25,263.779166666667
3,23.8,90.37,2020-03-16,25.7541666666667,50.9916666666667,154.966666666667,265.9125
3,23.8,90.37,2020-03-17,25.5041666666667,51.2583333333333,156.416666666667,268.825
3,23.8,90.37,2020-03-18,25.5916666666667,51.0958333333333,155.875,272.725
3,23.8,90.37,2020-03-19,25.2041666666667,50.7958333333333,154.104166666667,275.595833333333
3,23.8,90.37,2020-03-20,25.45,50.6541666666667,152.741666666667,278.754166666667
3,23.8,90.37,2020-03-21,25.8833333333333,51.3333333333333,153.3875,282.6
3,23.8,90.37,2020-03-22,24.3125,50.1958333333333,151.945833333333,282.858333333333
3,23.8,90.37,2020-03-23,24.4375,48.75,150.879166666667,281.1625
3,23.8,90.37,2020-03-24,25.3916666666667,49.8291666666667,150.679166666667,279.579166666667
3,23.8,90.37,2020-03-25,27.2291666666667,52.6208333333333,152.704166666667,279.995833333333
3,23.8,90.37,2020-03-26,28.3,55.5291666666667,155.554166666667,283.058333333333
3,23.8,90.37,2020-03-27,29,57.3,158.670833333333,286.304166666667
3,23.8,90.37,2020-03-28,29.2958333333333,58.2958333333333,163.654166666667,290.095833333333
3,23.8,90.37,2020-03-29,28.4083333333333,57.7041666666667,167.625,292.9125
3,23.8,90.37,2020-03-30,27.6375,56.0458333333333,169.870833333333,295.345833333333
3,23.8,90.37,2020-03-31,27.2333333333333,54.8708333333333,169.875,297.129166666667
3,23.8,90.37,2020-04-01,27.9208333333333,55.1541666666667,169.495833333333,299.166666666667
3,23.8,90.37,2020-04-02,29.05,56.9708333333333,169.545833333333,303.904166666667
3,23.8,90.37,2020-04-03,29.0333333333333,58.0833333333333,169.283333333333,308.5
3,23.8,90.37,2020-04-04,28.625,57.6583333333333,169.5,311.733333333333
3,23.8,90.37,2020-04-05,28.3375,56.9625,170.2,312.841666666667
3,23.8,90.37,2020-04-06,29.1291666666667,57.4666666666667,172.095833333333,313.670833333333
3,23.8,90.37,2020-04-07,30.2166666666667,59.3458333333333,174.391666666667,314.8875
3,23.8,90.37,2020-04-08,29,59.2166666666667,174.341666666667,314.591666666667
3,23.8,90.37,2020-04-09,28.7583333333333,57.7583333333333,174.066666666667,314.941666666667
3,23.8,90.37,2020-04-10,29.1875,57.9458333333333,174.629166666667,316.491666666667
3,23.8,90.37,2020-04-11,29.0458333333333,58.2333333333333,175.3375,318.304166666667
3,23.8,90.37,2020-04-12,27.2,56.2458333333333,173.408333333333,317.583333333333
3,23.8,90.37,2020-04-13,28.65,55.85,171.841666666667,317.183333333333
3,23.8,90.37,2020-04-14,29.4291666666667,58.0791666666667,172.270833333333,317.579166666667
3,23.8,90.37,2020-04-15,28.0791666666667,57.5083333333333,171.591666666667,317.033333333333
3,23.8,90.37,2020-04-16,28.1333333333333,56.2125,170.5375,316.829166666667
3,23.8,90.37,2020-04-17,27.0083333333333,55.1416666666667,168.5,314.708333333333
3,23.8,90.37,2020-04-18,26.7791666666667,53.7875,168.079166666667,311.270833333333
3,23.8,90.37,2020-04-19,28.3041666666667,55.0833333333333,167.733333333333,310.575
3,23.8,90.37,2020-04-20,27.8166666666667,56.1208333333333,166.120833333333,309.633333333333
3,23.8,90.37,2020-04-21,25.6916666666667,53.5083333333333,163.733333333333,306.1375
3,23.8,90.37,2020-04-22,24.8541666666667,50.5458333333333,160.454166666667,301.945833333333
3,23.8,90.37,2020-04-23,24.7083333333333,49.5625,158.154166666667,299.454166666667
3,23.8,90.37,2020-04-24,24.5791666666667,49.2875,155.954166666667,295.383333333333
3,23.8,90.37,2020-04-25,24.4708333333333,49.05,152.120833333333,290.425
3,23.8,90.37,2020-04-26,24.7,49.1708333333333,149.004166666667,287.045833333333
3,23.8,90.37,2020-04-27,25.4916666666667,50.1916666666667,148.804166666667,284.404166666667
3,23.8,90.37,2020-04-28,24.575,50.0666666666667,148.525,281.970833333333
3,23.8,90.37,2020-04-29,24.7083333333333,49.2833333333333,148.525,279.9
3,23.8,90.37,2020-04-30,25.4791666666667,50.1875,149.425,277.075
3,23.8,90.37,2020-05-01,25.6833333333333,51.1625,150.6375,274.941666666667
3,23.8,90.37,2020-05-02,25.5791666666667,51.2625,151.516666666667,274.829166666667
3,23.8,90.37,2020-05-03,25.6708333333333,51.25,151.695833333333,275.645833333333
3,23.8,90.37,2020-05-04,27.0625,52.7333333333333,154.183333333333,278
3,23.8,90.37,2020-05-05,28.1041666666667,55.1666666666667,157.579166666667,281.525
3,23.8,90.37,2020-05-06,26.9291666666667,55.0333333333333,159.029166666667,283.983333333333
3,23.8,90.37,2020-05-07,27.3791666666667,54.3083333333333,160.725,286.6625
3,23.8,90.37,2020-05-08,27.2208333333333,54.6,162.366666666667,288.391666666667
3,23.8,90.37,2020-05-09,28.1166666666667,55.3375,164.8125,291.933333333333
3,23.8,90.37,2020-05-10,28.5875,56.7041666666667,166.3375,295.8125
3,23.8,90.37,2020-05-11,29.4,57.9875,167.633333333333,299.733333333333
3,23.8,90.37,2020-05-12,29.6791666666667,59.0791666666667,170.383333333333,303.729166666667
3,23.8,90.37,2020-05-13,28.325,58.0041666666667,171.329166666667,306.475
3,23.8,90.37,2020-05-14,28.4958333333333,56.8208333333333,172.604166666667,309.3
3,23.8,90.37,2020-05-15,27.6833333333333,56.1791666666667,172.170833333333,309.920833333333
3,23.8,90.37,2020-05-16,29.55,57.2333333333333,173.133333333333,311.366666666667
3,23.8,90.37,2020-05-17,29.6791666666667,59.2291666666667,173.4125,314.116666666667
3,23.8,90.37,2020-05-18,29.4916666666667,59.1708333333333,173.225,316.229166666667
3,23.8,90.37,2020-05-19,27.9791666666667,57.4708333333333,172.879166666667,316.9875
3,23.8,90.37,2020-05-20,26.8666666666667,54.8458333333333,171.25,315.7375
3,23.8,90.37,2020-05-21,27.125,53.9916666666667,170.691666666667,314.275
3,23.8,90.37,2020-05-22,27.4916666666667,54.6166666666667,168.633333333333,312.366666666667
3,23.8,90.37,2020-05-23,29.2916666666667,56.7833333333333,168.245833333333,311.979166666667
3,23.8,90.37,2020-05-24,28.9125,58.2041666666667,167.666666666667,312.566666666667
3,23.8,90.37,2020-05-25,29.2541666666667,58.1666666666667,168.941666666667,313.325
3,23.8,90.37,2020-05-26,29.1,58.3541666666667,171.175,314.741666666667
3,23.8,90.37,2020-05-27,27.6833333333333,56.7833333333333,171.733333333333,312.875
3,23.8,90.37,2020-05-28,26.4333333333333,54.1166666666667,170.675,309.629166666667
3,23.8,90.37,2020-05-29,25.9541666666667,52.3875,167.3375,306.091666666667
3,23.8,90.37,2020-05-30,26.6416666666667,52.5958333333333,165.066666666667,304.754166666667
3,23.8,90.37,2020-05-31,27.8708333333333,54.5125,163.683333333333,305.758333333333
3,23.8,90.37,2020-06-01,28.4041666666667,56.275,162.9875,307.0375
3,23.8,90.37,2020-06-02,28.5208333333333,56.925,163.825,308.066666666667
3,23.8,90.37,2020-06-03,27.8041666666667,56.325,165.195833333333,306.579166666667
3,23.8,90.37,2020-06-04,27.8208333333333,55.625,167.0625,305.4875
3,23.8,90.37,2020-06-05,28.5208333333333,56.3416666666667,168.941666666667,304.754166666667
3,23.8,90.37,2020-06-06,28.3208333333333,56.8416666666667,169.391666666667,303.975
3,23.8,90.37,2020-06-07,28.6083333333333,56.9291666666667,169.595833333333,304.9
3,23.8,90.37,2020-06-08,28.5833333333333,57.1916666666667,169.658333333333,307.05
3,23.8,90.37,2020-06-09,29.8166666666667,58.4,171.670833333333,310.9125
3,23.8,90.37,2020-06-10,28.5208333333333,58.3375,172.370833333333,312.791666666667
3,23.8,90.37,2020-06-11,27.7666666666667,56.2875,171.616666666667,312.6875
3,23.8,90.37,2020-06-12,27.3333333333333,55.1,170.629166666667,311.616666666667
3,23.8,90.37,2020-06-13,27.3958333333333,54.7291666666667,169.416666666667,310.491666666667
3,23.8,90.37,2020-06-14,28.25,55.6458333333333,169.083333333333,310.9375
3,23.8,90.37,2020-06-15,28.025,56.275,167.291666666667,311.141666666667
3,23.8,90.37,2020-06-16,27.8708333333333,55.8958333333333,166.641666666667,310.491666666667
3,23.8,90.37,2020-06-17,26.2875,54.1583333333333,165.1625,308.458333333333
3,23.8,90.37,2020-06-18,27.1458333333333,53.4333333333333,164.975,306.995833333333
3,23.8,90.37,2020-06-19,27.0208333333333,54.1666666666667,164.6,305.433333333333
3,23.8,90.37,2020-06-20,28.2583333333333,55.2791666666667,164.608333333333,303.875
3,23.8,90.37,2020-06-21,27.6416666666667,55.9,164.225,302.995833333333
3,23.8,90.37,2020-06-22,28.2083333333333,55.85,164.5625,303.4375
3,23.8,90.37,2020-06-23,28.4833333333333,56.6916666666667,166.758333333333,304.5875
3,23.8,90.37,2020-06-24,29.2583333333333,57.7416666666667,168.870833333333,306.45
3,23.8,90.37,2020-06-25,29.5583333333333,58.8166666666667,171.408333333333,307.758333333333
3,23.8,90.37,2020-06-26,29.0666666666667,58.625,172.216666666667,308.8
3,23.8,90.37,2020-06-27,27.9,56.9666666666667,172.475,308.829166666667
3,23.8,90.37,2020-06-28,26.9791666666667,54.8791666666667,171.245833333333,309.520833333333
3,23.8,90.37,2020-06-29,27.5541666666667,54.5333333333333,170.316666666667,309.929166666667
3,23.8,90.37,2020-06-30,28.2583333333333,55.8125,169.316666666667,311.166666666667
3,23.8,90.37,2020-07-01,28.9416666666667,57.2,168.7,311.85
3,23.8,90.37,2020-07-02,29.2875,58.2291666666667,168.920833333333,313.495833333333
3,23.8,90.37,2020-07-03,29.5291666666667,58.8166666666667,170.55,314.816666666667
3,23.8,90.37,2020-07-04,28.4583333333333,57.9875,172.029166666667,314.791666666667
3,23.8,90.37,2020-07-05,27.4625,55.9208333333333,171.9375,312.995833333333
3,23.8,90.37,2020-07-06,27.8791666666667,55.3416666666667,171.558333333333,311.316666666667
3,23.8,90.37,2020-07-07,28.3166666666667,56.1958333333333,170.933333333333,310.566666666667
3,23.8,90.37,2020-07-08,28.4166666666667,56.7333333333333,170.0625,311.083333333333
3,23.8,90.37,2020-07-09,28.2333333333333,56.65,168.766666666667,312.3375
3,23.8,90.37,2020-07-10,28.5166666666667,56.75,168.825,313.3
3,23.8,90.37,2020-07-11,27.7333333333333,56.25,169.095833333333,312.775
3,23.8,90.37,2020-07-12,27.0583333333333,54.7916666666667,168.275,310.891666666667
3,23.8,90.37,2020-07-13,27.6083333333333,54.6666666666667,167.566666666667,309.2125
3,23.8,90.37,2020-07-14,27.9125,55.5208333333333,167.0625,307.595833333333
3,23.8,90.37,2020-07-15,28.3125,56.225,167.141666666667,307.45
3,23.8,90.37,2020-07-16,28.6666666666667,56.9791666666667,167.291666666667,308.654166666667
3,23.8,90.37,2020-07-17,28.6833333333333,57.35,168.241666666667,309.458333333333
3,23.8,90.37,2020-07-18,28.7125,57.3958333333333,169.895833333333,309.854166666667
3,23.8,90.37,2020-07-19,28.9125,57.625,171.2,310.35
3,23.8,90.37,2020-07-20,27.5708333333333,56.4833333333333,170.858333333333,309.6875
3,23.8,90.37,2020-07-21,27.3166666666667,54.8875,169.8625,308.4875
3,23.8,90.37,2020-07-22,26.6125,53.9291666666667,167.808333333333,307.366666666667
3,23.8,90.37,2020-07-23,27.55,54.1625,166.675,307.858333333333
3,23.8,90.37,2020-07-24,27.3916666666667,54.9416666666667,165.354166666667,307.641666666667
3,23.8,90.37,2020-07-25,28.6041666666667,55.9958333333333,165.045833333333,308.333333333333
3,23.8,90.37,2020-07-26,29.7125,58.3166666666667,167.1875,309.733333333333
3,23.8,90.37,2020-07-27,29.0708333333333,58.7833333333333,168.941666666667,310.1375
3,23.8,90.37,2020-07-28,28.3791666666667,57.45,170.708333333333,309.833333333333
3,23.8,90.37,2020-07-29,27.8583333333333,56.2375,171.016666666667,308.979166666667
3,23.8,90.37,2020-07-30,28.5791666666667,56.4375,172.204166666667,308.645833333333
3,23.8,90.37,2020-07-31,29.3208333333333,57.9,172.920833333333,310.395833333333
3,23.8,90.37,2020-08-01,29.5,58.8208333333333,172.708333333333,312.579166666667
3,23.8,90.37,2020-08-02,29.9125,59.4125,173.55,315.879166666667
3,23.8,90.37,2020-08-03,30.7875,60.7,175.958333333333,319.116666666667
3,23.8,90.37,2020-08-04,29.6625,60.45,177.7625,321.3875
3,23.8,90.37,2020-08-05,28.5166666666667,58.1791666666667,177.7,321.3
3,23.8,90.37,2020-08-06,28.35,56.8666666666667,176.729166666667,319.9375
3,23.8,90.37,2020-08-07,28.7291666666667,57.0791666666667,175.958333333333,319.595833333333
3,23.8,90.37,2020-08-08,29.025,57.7541666666667,175.070833333333,320.241666666667
3,23.8,90.37,2020-08-09,28.9708333333333,57.9958333333333,173.254166666667,321.354166666667
3,23.8,90.37,2020-08-10,29.175,58.1458333333333,172.766666666667,321.95
3,23.8,90.37,2020-08-11,28.6,57.775,172.85,321.229166666667
3,23.8,90.37,2020-08-12,28.9416666666667,57.5416666666667,173.441666666667,320.670833333333
3,23.8,90.37,2020-08-13,29.3541666666667,58.2958333333333,174.066666666667,320.1125
3,23.8,90.37,2020-08-14,29.4541666666667,58.8083333333333,174.495833333333,318.779166666667
3,23.8,90.37,2020-08-15,27.95,57.4041666666667,173.475,317.066666666667
3,23.8,90.37,2020-08-16,27.6666666666667,55.6166666666667,171.966666666667,316.216666666667
3,23.8,90.37,2020-08-17,27.4583333333333,55.125,170.825,315.325
3,23.8,90.37,2020-08-18,27.7583333333333,55.2166666666667,169.641666666667,314.354166666667
3,23.8,90.37,2020-08-19,26.8,54.5583333333333,167.0875,312.129166666667
3,23.8,90.37,2020-08-20,25.9458333333333,52.7458333333333,163.579166666667,309.104166666667
3,23.8,90.37,2020-08-21,26.175,52.1208333333333,161.804166666667,306.104166666667
3,23.8,90.37,2020-08-22,26.4166666666667,52.5916666666667,160.554166666667,303.920833333333
3,23.8,90.37,2020-08-23,27.5041666666667,53.9208333333333,160.6,302.483333333333
3,23.8,90.37,2020-08-24,28.5916666666667,56.0958333333333,161.433333333333,301.720833333333
3,23.8,90.37,2020-08-25,28.3166666666667,56.9083333333333,162.95,300.583333333333
3,23.8,90.37,2020-08-26,27.5,55.8166666666667,164.504166666667,300.133333333333
3,23.8,90.37,2020-08-27,27.6875,55.1875,166.016666666667,300.154166666667
3,23.8,90.37,2020-08-28,27.6625,55.35,167.2625,300.358333333333
3,23.8,90.37,2020-08-29,28.9291666666667,56.5916666666667,168.6875,301.529166666667
3,23.8,90.37,2020-08-30,29.1875,58.1166666666667,169.283333333333,303.916666666667
3,23.8,90.37,2020-08-31,29.0166666666667,58.2041666666667,169.983333333333,306.9875
3,23.8,90.37,2020-09-01,27.0625,56.0791666666667,169.545833333333,307.875
3,23.8,90.37,2020-09-02,28.0083333333333,55.0708333333333,169.866666666667,309.466666666667
3,23.8,90.37,2020-09-03,28.825,56.8333333333333,171.029166666667,310.7875
3,23.8,90.37,2020-09-04,29.6708333333333,58.4958333333333,171.770833333333,311.866666666667
3,23.8,90.37,2020-09-05,29.8666666666667,59.5375,172.45,313.416666666667
3,23.8,90.37,2020-09-06,29.5166666666667,59.3833333333333,172.95,315.433333333333
3,23.8,90.37,2020-09-07,29.0541666666667,58.5708333333333,174.941666666667,316.8
3,23.8,90.37,2020-09-08,29.2041666666667,58.2583333333333,176.1375,318.341666666667
3,23.8,90.37,2020-09-09,28.875,58.0791666666667,176.1875,318.2875
3,23.8,90.37,2020-09-10,28.15,57.025,174.666666666667,317.25
3,23.8,90.37,2020-09-11,28.4375,56.5875,173.2375,316.670833333333
3,23.8,90.37,2020-09-12,28.4416666666667,56.8791666666667,172.1625,318.05
3,23.8,90.37,2020-09-13,28.5958333333333,57.0375,171.704166666667,318.6375
3,23.8,90.37,2020-09-14,28.3291666666667,56.925,170.829166666667,318.141666666667
3,23.8,90.37,2020-09-15,27.8666666666667,56.1958333333333,169.820833333333,316.3375
3,23.8,90.37,2020-09-16,28.0958333333333,55.9625,169.766666666667,314.566666666667
3,23.8,90.37,2020-09-17,28.5583333333333,56.6541666666667,169.8875,313.608333333333
3,23.8,90.37,2020-09-18,29.0791666666667,57.6375,170.525,313.633333333333
3,23.8,90.37,2020-09-19,30.3833333333333,59.4625,172.3125,314.8125
3,23.8,90.37,2020-09-20,30.1125,60.4958333333333,174.095833333333,316.05
3,23.8,90.37,2020-09-21,27.6166666666667,57.7291666666667,173.845833333333,315.516666666667
3,23.8,90.37,2020-09-22,27.1666666666667,54.7833333333333,172.916666666667,314.245833333333
3,23.8,90.37,2020-09-23,27.1666666666667,54.3333333333333,171.525,312.970833333333
3,23.8,90.37,2020-09-24,26.5708333333333,53.7375,169.016666666667,310.945833333333
3,23.8,90.37,2020-09-25,27.5791666666667,54.15,166.2125,310.195833333333
3,23.8,90.37,2020-09-26,27.3541666666667,54.9333333333333,163.454166666667,309.683333333333
3,23.8,90.37,2020-09-27,27.3708333333333,54.725,163.208333333333,308.958333333333
3,23.8,90.37,2020-09-28,28.5,55.8708333333333,164.541666666667,308.9
3,23.8,90.37,2020-09-29,28.2375,56.7375,165.6125,308.058333333333
3,23.8,90.37,2020-09-30,28.2791666666667,56.5166666666667,167.320833333333,305.954166666667
3,23.8,90.37,2020-10-01,27.9333333333333,56.2125,167.675,303.775
3,23.8,90.37,2020-10-02,27.8666666666667,55.8,168.1875,304.025
3,23.8,90.37,2020-10-03,28.2541666666667,56.1208333333333,169.070833333333,305.1125
3,23.8,90.37,2020-10-04,28.4333333333333,56.6875,169.004166666667,306.379166666667
3,23.8,90.37,2020-10-05,27.6041666666667,56.0375,168.370833333333,307.4125
3,23.8,90.37,2020-10-06,27.2666666666667,54.8708333333333,167.358333333333,307.1
3,23.8,90.37,2020-10-07,27.6083333333333,54.875,167.033333333333,307.354166666667
3,23.8,90.37,2020-10-08,28.9166666666667,56.525,168.083333333333,308.9
3,23.8,90.37,2020-10-09,29.4708333333333,58.3875,169.3,309.870833333333
3,23.8,90.37,2020-10-10,29.9541666666667,59.425,170.820833333333,311.5875
3,23.8,90.37,2020-10-11,29.7208333333333,59.675,172.9375,313.029166666667
3,23.8,90.37,2020-10-12,29.4041666666667,59.125,175.075,314.5
3,23.8,90.37,2020-10-13,29.9708333333333,59.375,177.4375,316.604166666667
3,23.8,90.37,2020-10-14,29.2041666666667,59.175,177.725,317.554166666667
3,23.8,90.37,2020-10-15,29.3333333333333,58.5375,177.5875,318.454166666667
3,23.8,90.37,2020-10-16,29.5125,58.8458333333333,177.145833333333,320.3625
3,23.8,90.37,2020-10-17,29.4541666666667,58.9666666666667,176.879166666667,322.55
3,23.8,90.37,2020-10-18,28.4916666666667,57.9458333333333,175.966666666667,323.433333333333
3,23.8,90.37,2020-10-19,28.1875,56.6791666666667,174.183333333333,322.704166666667
3,23.8,90.37,2020-10-20,28.2041666666667,56.3916666666667,173.183333333333,321.4375
3,23.8,90.37,2020-10-21,28.1166666666667,56.3208333333333,171.966666666667,319.6
3,23.8,90.37,2020-10-22,25.3791666666667,53.4958333333333,167.833333333333,315.258333333333
3,23.8,90.37,2020-10-23,24.675,50.0541666666667,163.054166666667,310.529166666667
3,23.8,90.37,2020-10-24,25.5125,50.1875,160.075,306.070833333333
3,23.8,90.37,2020-10-25,26.4125,51.925,158.3,303.279166666667
3,23.8,90.37,2020-10-26,27.0541666666667,53.4666666666667,157.15,301
3,23.8,90.37,2020-10-27,27.0708333333333,54.125,156.104166666667,298.558333333333
3,23.8,90.37,2020-10-28,26.7583333333333,53.8291666666667,157.483333333333,295.8625
3,23.8,90.37,2020-10-29,27.5208333333333,54.2791666666667,160.329166666667,294.891666666667
3,23.8,90.37,2020-10-30,28.4458333333333,55.9666666666667,163.2625,295.15
3,23.8,90.37,2020-10-31,26.5416666666667,54.9875,163.391666666667,293.4875
3,23.8,90.37,2020-11-01,26.175,52.7166666666667,162.5125,291.545833333333
3,23.8,90.37,2020-11-02,26.0791666666667,52.2541666666667,161.520833333333,292.245833333333
3,23.8,90.37,2020-11-03,26.4958333333333,52.575,161.258333333333,294.066666666667
3,23.8,90.37,2020-11-04,25.9,52.3958333333333,159.6375,294.454166666667
3,23.8,90.37,2020-11-05,23.8333333333333,49.7333333333333,155.025,291.875
3,23.8,90.37,2020-11-06,21.725,45.5583333333333,150.208333333333,286.545833333333
3,23.8,90.37,2020-11-07,21.925,43.65,145.958333333333,281.4
3,23.8,90.37,2020-11-08,23.3833333333333,45.3083333333333,143.2625,278.025
3,23.8,90.37,2020-11-09,23.8666666666667,47.25,140.633333333333,274.370833333333
3,23.8,90.37,2020-11-10,24.4208333333333,48.2875,139.154166666667,270.345833333333
3,23.8,90.37,2020-11-11,24.6208333333333,49.0416666666667,139.941666666667,268.425
3,23.8,90.37,2020-11-12,24.4958333333333,49.1166666666667,142.7125,266.745833333333
3,23.8,90.37,2020-11-13,24.7083333333333,49.2041666666667,145.495833333333,265.375
3,23.8,90.37,2020-11-14,24.2541666666667,48.9625,146.366666666667,263.133333333333
3,23.8,90.37,2020-11-15,23.8458333333333,48.1,146.345833333333,261.079166666667
3,23.8,90.37,2020-11-16,23.6625,47.5083333333333,145.5875,260.908333333333
3,23.8,90.37,2020-11-17,23.775,47.4375,144.741666666667,262.958333333333
3,23.8,90.37,2020-11-18,23.3333333333333,47.1083333333333,143.579166666667,264.366666666667
3,23.8,90.37,2020-11-19,24.0375,47.3708333333333,142.908333333333,265.020833333333
3,23.8,90.37,2020-11-20,24.5791666666667,48.6166666666667,143.233333333333,265.733333333333
3,23.8,90.37,2020-11-21,23.05,47.6291666666667,142.4375,264.3625
3,23.8,90.37,2020-11-22,21.8541666666667,44.9041666666667,140.629166666667,261.595833333333
3,23.8,90.37,2020-11-23,19.7083333333333,41.5625,136.5625,256.808333333333
3,23.8,90.37,2020-11-24,20.025,39.7333333333333,133.254166666667,252.125
3,23.8,90.37,2020-11-25,20.2583333333333,40.2833333333333,129.475,248.129166666667
3,23.8,90.37,2020-11-26,20.7875,41.0458333333333,125.683333333333,245.070833333333
3,23.8,90.37,2020-11-27,21.6916666666667,42.4791666666667,124.325,243.1
3,23.8,90.37,2020-11-28,22.2375,43.9291666666667,124.708333333333,241.5625
3,23.8,90.37,2020-11-29,21.6166666666667,43.8541666666667,126.616666666667,239.845833333333
3,23.8,90.37,2020-11-30,20.9875,42.6041666666667,127.579166666667,236.795833333333
3,23.8,90.37,2020-12-01,21.2708333333333,42.2583333333333,128.591666666667,233.4875
3,23.8,90.37,2020-12-02,22.0291666666667,43.3,129.833333333333,232.466666666667
3,23.8,90.37,2020-12-03,22.3833333333333,44.4125,130.525,232.995833333333
3,23.8,90.37,2020-12-04,22.4375,44.8208333333333,130.725,235.725
3,23.8,90.37,2020-12-05,22.0375,44.475,131.145833333333,237.7375
3,23.8,90.37,2020-12-06,21.3083333333333,43.3458333333333,131.466666666667,238.7875
3,23.8,90.37,2020-12-07,21.3125,42.6208333333333,131.508333333333,239.3125
3,23.8,90.37,2020-12-08,20.7416666666667,42.0541666666667,130.220833333333,238.3625
3,23.8,90.37,2020-12-09,19.9666666666667,40.7083333333333,127.804166666667,236.091666666667
3,23.8,90.37,2020-12-10,20.2333333333333,40.2,125.6,234.708333333333
3,23.8,90.37,2020-12-11,19.8208333333333,40.0541666666667,123.383333333333,233.541666666667
3,23.8,90.37,2020-12-12,18.975,38.7958333333333,121.05,231.245833333333
3,23.8,90.37,2020-12-13,19.6833333333333,38.6583333333333,119.420833333333,228.9
3,23.8,90.37,2020-12-14,19.3958333333333,39.0791666666667,118.075,225.9125
3,23.8,90.37,2020-12-15,19.5416666666667,38.9375,117.65,223.016666666667
3,23.8,90.37,2020-12-16,19.8458333333333,39.3875,117.2625,220.825
3,23.8,90.37,2020-12-17,19.0208333333333,38.8666666666667,116.4625,218.5375
3,23.8,90.37,2020-12-18,17.7666666666667,36.7875,115.254166666667,214.991666666667
3,23.8,90.37,2020-12-19,15.5541666666667,33.3208333333333,111.125,209.804166666667
3,23.8,90.37,2020-12-20,15.8333333333333,31.3875,107.5625,205.670833333333
3,23.8,90.37,2020-12-21,15.7458333333333,31.5791666666667,103.766666666667,201.183333333333
3,23.8,90.37,2020-12-22,16.65,32.3958333333333,100.570833333333,198.0125
3,23.8,90.37,2020-12-23,17.6,34.25,99.15,196.6375
3,23.8,90.37,2020-12-24,18.1666666666667,35.7666666666667,99.55,195.120833333333
3,23.8,90.37,2020-12-25,17.9083333333333,36.075,101.904166666667,193.633333333333
3,23.8,90.37,2020-12-26,17.4708333333333,35.3791666666667,103.541666666667,191.5625
3,23.8,90.37,2020-12-27,16.6583333333333,34.1291666666667,104.454166666667,188.375
3,23.8,90.37,2020-12-28,16.9458333333333,33.6041666666667,104.75,186.3
3,23.8,90.37,2020-12-29,16.9916666666667,33.9375,104.141666666667,185.525
3,23.8,90.37,2020-12-30,18.0166666666667,35.0083333333333,103.991666666667,187.9875
3,23.8,90.37,2020-12-31,17.8791666666667,35.8958333333333,103.9625,190.033333333333
3,23.8,90.37,2021-01-01,17.8958333333333,35.775,104.3875,192.183333333333
3,23.8,90.37,2021-01-02,17.8541666666667,35.75,105.583333333333,193.3875
3,23.8,90.37,2021-01-03,18.2375,36.0916666666667,106.875,194.025
3,23.8,90.37,2021-01-04,19.0541666666667,37.2916666666667,108.9375,194.9125
3,23.8,90.37,2021-01-05,19.7333333333333,38.7875,110.654166666667,196.7375
3,23.8,90.37,2021-01-06,20.5291666666667,40.2625,113.304166666667,199.795833333333
3,23.8,90.37,2021-01-07,21.6666666666667,42.1958333333333,117.075,204.804166666667
3,23.8,90.37,2021-01-08,21.2958333333333,42.9625,120.516666666667,209.154166666667
3,23.8,90.37,2021-01-09,20.8583333333333,42.1541666666667,123.1375,213.020833333333
3,23.8,90.37,2021-01-10,21.6875,42.5458333333333,125.770833333333,216.691666666667
3,23.8,90.37,2021-01-11,22.5458333333333,44.2333333333333,128.583333333333,221.358333333333
3,23.8,90.37,2021-01-12,20.3541666666667,42.9,128.408333333333,223.816666666667
3,23.8,90.37,2021-01-13,18.7166666666667,39.0708333333333,125.458333333333,224.679166666667
3,23.8,90.37,2021-01-14,18.9416666666667,37.6583333333333,123.104166666667,225.383333333333
3,23.8,90.37,2021-01-15,17.4791666666667,36.4208333333333,119.725,223.808333333333
3,23.8,90.37,2021-01-16,17.0083333333333,34.4875,115.045833333333,221.083333333333
3,23.8,90.37,2021-01-17,16.9125,33.9208333333333,109.4125,217.466666666667
3,23.8,90.37,2021-01-18,16.5791666666667,33.4916666666667,105.6375,212.379166666667
3,23.8,90.37,2021-01-19,18.3041666666667,34.8833333333333,105.225,209.3875
3,23.8,90.37,2021-01-20,19.35,37.6541666666667,105.633333333333,207.879166666667
3,23.8,90.37,2021-01-21,18.6708333333333,38.0208333333333,106.825,204.8625
3,23.8,90.37,2021-01-22,17.3375,36.0083333333333,107.154166666667,199.654166666667
3,23.8,90.37,2021-01-23,17.0041666666667,34.3416666666667,107.245833333333,196.304166666667
3,23.8,90.37,2021-01-24,18.4625,35.4666666666667,109.129166666667,196.05
3,23.8,90.37,2021-01-25,17.7375,36.2,108.5625,194.845833333333
3,23.8,90.37,2021-01-26,17.375,35.1125,106.5875,194.741666666667
3,23.8,90.37,2021-01-27,16.2125,33.5875,104.129166666667,193.945833333333
3,23.8,90.37,2021-01-28,15.6458333333333,31.8583333333333,102.4375,192.679166666667
3,23.8,90.37,2021-01-29,16.8,32.4458333333333,102.233333333333,192.9
3,23.8,90.37,2021-01-30,17.1875,33.9875,100.958333333333,191.783333333333
3,23.8,90.37,2021-01-31,14.4083333333333,31.5958333333333,97.6291666666667,186.841666666667
3,23.8,90.37,2021-02-01,14.3083333333333,28.7166666666667,94.5625,182.479166666667
3,23.8,90.37,2021-02-02,15.4916666666667,29.8,93.8416666666667,180.633333333333
3,23.8,90.37,2021-02-03,16.6541666666667,32.1458333333333,94.85,180.283333333333
3,23.8,90.37,2021-02-04,18.1458333333333,34.8,96.1958333333333,179.966666666667
3,23.8,90.37,2021-02-05,18.7583333333333,36.9041666666667,97.7666666666667,180.9875
3,23.8,90.37,2021-02-06,19.7875,38.5458333333333,103.145833333333,183.4
3,23.8,90.37,2021-02-07,18.4125,38.2,107.25,185.6
3,23.8,90.37,2021-02-08,18.9583333333333,37.3708333333333,110.716666666667,188.9125
3,23.8,90.37,2021-02-09,18.8208333333333,37.7791666666667,112.883333333333,190.933333333333
3,23.8,90.37,2021-02-10,19.1916666666667,38.0125,113.929166666667,192.9375
3,23.8,90.37,2021-02-11,20.0916666666667,39.2833333333333,115.2625,198.620833333333
3,23.8,90.37,2021-02-12,20.3666666666667,40.4583333333333,115.841666666667,204.679166666667
3,23.8,90.37,2021-02-13,19.775,40.1416666666667,117.204166666667,208.9625
3,23.8,90.37,2021-02-14,20.2875,40.0625,118.533333333333,212.595833333333
3,23.8,90.37,2021-02-15,21.8416666666667,42.1291666666667,121.554166666667,216.291666666667
3,23.8,90.37,2021-02-16,21.2083333333333,43.05,123.570833333333,218.741666666667
3,23.8,90.37,2021-02-17,21.4083333333333,42.6166666666667,124.8875,220.3625
3,23.8,90.37,2021-02-18,21.8875,43.2958333333333,126.408333333333,223.8375
3,23.8,90.37,2021-02-19,22.275,44.1625,128.908333333333,227.154166666667
3,23.8,90.37,2021-02-20,21.9958333333333,44.2708333333333,130.616666666667,230.329166666667
3,23.8,90.37,2021-02-21,21.8833333333333,43.8791666666667,130.658333333333,233.020833333333
3,23.8,90.37,2021-02-22,21.45,43.3333333333333,130.9,234.379166666667
3,23.8,90.37,2021-02-23,21.7833333333333,43.2333333333333,131.275,235.795833333333
3,23.8,90.37,2021-02-24,22.9,44.6833333333333,132.2875,238.920833333333
3,23.8,90.37,2021-02-25,24.3125,47.2125,134.325,242.945833333333
3,23.8,90.37,2021-02-26,24.9625,49.275,137.291666666667,246.066666666667
3,23.8,90.37,2021-02-27,25.5958333333333,50.5583333333333,141.004166666667,250.454166666667
3,23.8,90.37,2021-02-28,25.8375,51.4333333333333,145.391666666667,254.883333333333
3,23.8,90.37,2021-03-01,25.575,51.4125,149.183333333333,258.570833333333
3,23.8,90.37,2021-03-02,25.4416666666667,51.0166666666667,151.725,261.7375
3,23.8,90.37,2021-03-03,25.0833333333333,50.525,152.495833333333,264.825
3,23.8,90.37,2021-03-04,24.0458333333333,49.1291666666667,151.579166666667,266.9875
3,23.8,90.37,2021-03-05,24.8833333333333,48.9291666666667,150.866666666667,270.420833333333
3,23.8,90.37,2021-03-06,26.4208333333333,51.3041666666667,151.45,275.058333333333
3,23.8,90.37,2021-03-07,25.6625,52.0833333333333,151.5375,277.820833333333
3,23.8,90.37,2021-03-08,25.7291666666667,51.3916666666667,151.825,279.2375
3,23.8,90.37,2021-03-09,25.4833333333333,51.2125,152.225,279.758333333333
3,23.8,90.37,2021-03-10,26.4833333333333,51.9666666666667,154.6625,280.645833333333
